"","...1","EBI20_S_14.07.2019","EBI20_S_30.07.2019","EBI20_S_13.08.2019","EBI20_S_13.09.2019","EBI20_S_11.10.2019","EBI20_S_28.10.2019","EBI20_S_14.11.2019","EBI20_S_09.12.2019","EBI20_S_14.01.2020","EBI20_S_07.02.2020","EBI20_S_04.03.2020","EBI20_S_14.04.2020","EBI20_S_29.04.2020","EBI20_S_13.05.2020","EBI20_S_26.05.2020","EBI20_S_23.06.2020","EBI20_S_09.07.2020","EBI20_S_23.07.2020","EBI20_S_05.08.2020","EBI20_S_19.08.2020"
"1","EA10_S_Wi19_S29_maxbin.005",0.00718878532507813,0.00924175957056616,0.0047343507618548,0.00769222279567956,0.00561507150881116,0.00776626810150681,0.00445589140311799,0.00403770673647354,0.00405653663779207,0.00355346185187013,0.00310800511309929,0.00379695232980746,0.00437409023803967,0.00628532616149084,0.0065520299898718,0.003756357000091,0.00562230686437057,0.00546860448550191,0.00461175776002674,0.0055988332282953
"2","EA10_S_Wi19_S29_maxbin.022",0.00199476277023061,0.00104478093447674,0.00072527316608244,0.00156695782197605,0.00047950874205394,0.00107267254619764,0,0.00068102922461083,0,0,0,0.00053321876322018,0,0.00070517892289659,0.00113334824842336,0.00078144098644579,0.00090133806674417,0.00185177761390131,0.00074197088361386,0.00160688505616886
"3","EA10_S_Wi19_S29_maxbin.108",0.0017849321758527,0.00092094775302887,0.00061525325516211,0.0013718499217092,0.00040430061670979,0,0,0,0,0,0,0.00044837994763467,0,0.00060221343535239,0.00097110491366587,0.00068039591468649,0.00079382281271745,0.00169689640191629,0.00062691844590387,0.00144763926100695
"4","EA10_S_Wi19_S29_metabat2.216",0.00165933804149455,0.00101751057268054,0.00062694170777368,0.00129270200514372,0.00041825573134364,0,0,0,0,0,0,0.00045991101638106,0,0.00064869790915581,0.00104164911350145,0.00067496907739818,0.00082774744193007,0.00167845680807997,0.00063845983470238,0.001450183547791
"5","EA10_S_Wi20_S106_concoct.39",0.0012961867638148,0.00175533898142948,0.00112357902682624,0.00147210605998375,0.00087395378814142,0.00140675395727692,0.00099263779083863,0.00089788103889276,0,0.00072764190637413,0.0007932253525421,0.00069139933427084,0.00074592047807885,0.00088760139772775,0.00128328659681223,0.00091852120302219,0.00099335084281606,0.00162964430742989,0.00089876461073838,0.00154874727213091
"6","EA10_S_Wi20_S106_concoct.41",0.00315314824690288,0.00390948451719231,0.00251648782351478,0.00484048476679916,0.00256485751262732,0.00590101906403827,0.00239893967149671,0.00233853642000907,0.00212940354978668,0.00168509150193041,0.00152382210425059,0.00159634846379418,0.00190240087558859,0.00245314003424041,0.0027354774416129,0.00185032245316601,0.00270063093679012,0.0034036370933658,0.00176427191219007,0.00337787657219196
"7","EB05_S_Wi20_S107_concoct.69",0.00206717700921527,0.00249127576553724,0.00175395089183667,0.00240282381090389,0.0014424382251824,0.00263425794661437,0.00158705055023634,0.00144882047792472,0.00141198818181749,0.00120847263457059,0.0012491802022059,0.00122975656319688,0.00119396359619313,0.00147083069826188,0.00211316244930594,0.0014080653164263,0.0016423118841337,0.00303759816535069,0.00143728692186943,0.00260493533737595
"8","EB07_S_Wi20_S108_concoct.26",0.00429289667384922,0.00272510918415033,0.00088964952167228,0.00397394589590348,0.00080840172561664,0.00278736196770186,0.00135279224793089,0.00124965336023945,0.0009283225299258,0.00060683331140774,0.00065969235492534,0.00096556568992484,0.00146812265244334,0.00199496555525185,0.00292077379025857,0.00112571730683035,0.00216655115445416,0.00327755745837626,0.00118784272550059,0.00288587325778459
"9","EB07_S_Wi20_S108_concoct.28",0.00169712413390604,0.00208796802228973,0.00200279312162109,0.00191472746697628,0.00164621372142038,0.00206980159019593,0.00170957171652804,0.00161874148648285,0.00158974200758521,0.00147229778534643,0.00153758561664544,0.00136473331499593,0.0014376936730894,0.00157659128068839,0.00190628202879119,0.0016782724385574,0.00174048073573471,0.00218141830987122,0.00167112056108174,0.00223563897635138
"10","EB07_S_Wi20_S108_concoct.82",0.00156041848421089,0.00088771368088264,0.00068821591091969,0.00117694903568936,0.0004708909875125,0,0,0,0,0,0,0.00049778624267685,0,0.00061477024627113,0.0008770822852641,0.00067330935649977,0.00073857568689017,0.00160519931812604,0.00064561724264167,0.00140808703844712
"11","EB10_S_Wi19_S32_maxbin.001",0.00890962889465463,0.00158160385569964,0.00128840277116498,0.00274500234121453,0.00064993762874949,0,0,0,0,0,0,0.00118469833264594,0,0.00162879166855734,0.00199738139397147,0.00133417965288134,0.00243824721018573,0.0111909658236628,0.00174903755838116,0.00785635965379437
"12","EB10_S_Wi19_S32_maxbin.017",0.00247138251982282,0.00158764937819952,0.0006869122427647,0.00162234674489908,0.00047336320628521,0.00129590433583766,0.00073043532156179,0.00077804499099963,0,0.00047932295099316,0,0.00082438986078737,0.00119375710328813,0.00132601819054074,0.00186125477887734,0.00101393217721874,0.00173209028728827,0.00206448075372458,0.00074487534206398,0.00162379376250412
"13","EB10_S_Wi19_S32_maxbin.032",0.00169463094808233,0.00107562280719571,0.00077256831805163,0.00138774040174212,0.00055481684460538,0,0.00074982276081289,0.00071073284428668,0,0.00047963634865909,0,0.00056501205697184,0.00071497794025142,0.00075541159641339,0.00104994857995612,0.00077619965505915,0.00091467572121353,0.00163042036763354,0.00081075100205851,0.00149364856645434
"14","EBI05_S_Wi19_S33_maxbin.007",0.00186328711987231,0.00246812505606786,0.00274231797054362,0.00224081694550679,0.00209948977135493,0.00239994318952642,0.00235009678224243,0.00223503099656487,0.00217441191895878,0.00208588694583457,0.00219509410900458,0.00180278979498024,0.00177993026212827,0.0019220729115771,0.0023332877241295,0.00225862555008808,0.00211514068827584,0.00306016362050897,0.00221646788439716,0.00309042197665884
"15","EBI05_S_Wi19_S33_maxbin.019",0.00124289945361773,0.00089592126431982,0.00075235752089977,0.00110711918226775,0.00053285714132077,0,0,0,0,0,0,0.00050534176916495,0,0.00064855381724173,0.00089819138737431,0.00072125069804809,0.00077142830092461,0.00154307613637167,0.00067138011155426,0.00137723392468119
"16","EBI05_S_Wi19_S33_maxbin.020",0.00125518765946031,0.00135740848619528,0.00135878067413882,0.00137569658757859,0.00105180823148723,0.00132728411996972,0.00115936865693966,0.00108548710859779,0,0.00095802175204954,0.0010391717999142,0.00090444395041656,0.00094275943869997,0.00104819185272932,0.00132945587604184,0.00116104227587259,0.00115953024766993,0.0017375691281009,0.00113556846495234,0.00173587081861651
"17","EBI05_S_Wi19_S33_maxbin.093",0.00131895377139122,0.00117924473801579,0.00116965216751805,0.00123791717076129,0.00087622225630055,0.00119884254322566,0.0009934952058968,0.00092286688137465,0,0.00079411957367295,0.00087101796701101,0.00077747893750967,0.00082207453432375,0.00091027115500804,0.00118329293391451,0.00101589786054592,0.00101537737545446,0.00171332354315493,0.00101895936734012,0.00166785885236337
"18","EBI05_S_Wi19_S33_maxbin.131",0.00190268602758777,0.00239101816929613,0.00266749734610482,0.00228091432147657,0.00207121478797486,0.00241265085792543,0.00238070784858895,0.00225314616071077,0.00218225569862423,0.00209318092052372,0.00227006348985789,0.00187043107566389,0.00183446448066229,0.00195726190661128,0.002447797181979,0.00231064488656332,0.00211476753421969,0.00350853621836934,0.00224140497266029,0.00345821520522617
"19","EBI05_S_Wi19_S33_metabat2.102",0.00396621692979062,0.00569020533794755,0.00727197426507226,0.00497710967176959,0.00553234754746239,0.0057715652077875,0.0063854678991749,0.00592744204436133,0.00607015344356791,0.00600570583560958,0.00634139262108519,0.0050226590964943,0.00461322300212429,0.00478281350919175,0.00570141301276086,0.00607791051714649,0.00527361045356599,0.0120640372879306,0.00587943809199396,0.0102170880157856
"20","EBI05_S_Wi19_S33_metabat2.108",0.00349143697529968,0.00495891146937788,0.006413822624033,0.00427329687037233,0.00484640884094488,0.00506832536928493,0.00557945809246399,0.00517867540861443,0.00530623445841944,0.00528019611764911,0.00555841988832043,0.0043954374528871,0.00402178660422282,0.00416348809486032,0.00493755537803854,0.00532895377289422,0.00462384854944949,0.00510367850273554,0.00515690757282113,0.00536638251889214
"21","EBI05_S_Wi19_S33_metabat2.22",0.00144651810413313,0.00168282589249249,0.00164861238297158,0.0016454473619592,0.00132507506448188,0.00166151094094184,0.00141294239401545,0.00131099888006578,0.00122813369000999,0.00116138995871468,0.00122325689171195,0.00106317012491033,0.00113289177256201,0.00128899853438461,0.0016103433188373,0.00137794462983886,0.00139467746906838,0.00200076367109404,0.00137237144602526,0.00199264924155301
"22","EBI05_S_Wi19_S33_metabat2.41",0.00122316092562673,0.00132537425461563,0.00131067132163248,0.00135961286426144,0.00100841496533917,0.00131322928519391,0.00111114268717702,0.00105045996179612,0,0.00091778571784503,0.00099425767814057,0.00086696962559602,0.00096571311515347,0.00102515377117738,0.00126328471139102,0.00112317280519113,0.00114943638368999,0.00167631575914767,0.00109430141154646,0.00169180701112184
"23","EBI20_TS_05_S39_maxbin.038",0.030790488851654,0.0104178806963696,0.0130787357891417,0.011944251486652,0.014902409838251,0.00813796381287369,0.00357994743221172,0.00226064230783241,0.0021664620435426,0.00196899987143282,0.00226445567106278,0.00261970787306382,0.00259967787427675,0.0043212575124019,0.00292727798585037,0.002577938537693,0.00490615751803609,0.0029544175472393,0.00274426826463382,0.00305443339501179
"24","EBI20_TS_09_S43_metabat2.7",0.00983314775225746,0.00877830438631861,0.0142021241253709,0.0129167983986125,0.0148168964681576,0.0216200750404866,0.0253787647758938,0.0300435114043608,0.0381859348449431,0.0333044361808334,0.0416408974579002,0.0281691965988678,0.0253573654028768,0.0126985465496004,0.0179345505959792,0.0249919435797442,0.0132823880779323,0.00385885317728698,0.0129775040554564,0.00324063313610296
"25","EBI20_TS_10_S44_maxbin.019",0.00891407166421147,0.00766740518374718,0.0077947936967553,0.00547381238302849,0.00981459910781372,0.00660694351067286,0.0165886202775058,0.0253485368277907,0.0297761341711876,0.0283980187079249,0.0302392684109071,0.0353747040919994,0.0369415539662756,0.016040319919659,0.0152296727477957,0.0228624897242439,0.0167604329623353,0.00439467568484936,0.0145871148423078,0.00438324060612297
"26","EBI20_TS_11_S45_maxbin.069",0.00676218730638085,0.00456565627999389,0.00324816792841385,0.00530031140016554,0.00387703921786475,0.0049340723739961,0.00665366972050856,0.00826447519175252,0.00785376699268817,0.00564234939419851,0.0114471052730674,0.00621470736696113,0.00807101506892249,0.00590530828970303,0.0046589779756254,0.00692202055552451,0.00627876933096227,0.00288274750166508,0.0049528232031321,0.00261739728104928
"27","EBI20_TS_11_S45_metabat2.49",0.00848141231353866,0.0105788797080668,0.0111377404409247,0.00868132219729818,0.0147488998448814,0.0110953069972814,0.0252483576620468,0.0202776397028193,0.0269515103276739,0.0261842554553599,0.0288332855992112,0.0235544887531339,0.020808442060665,0.0184036009314491,0.0135217837675935,0.0215934284376784,0.0149015013453672,0.0046572734021152,0.0137582405638788,0.00472463145640208
"28","EBI20_TS_13_S46_maxbin.002",0.0221590502946265,0.0170915435009497,0.0241924603929314,0.0176827950589273,0.023694690641142,0.0271369700204852,0.0468725228356797,0.0513074334909145,0.0570159384074624,0.0508359035722241,0.0528707352607197,0.0492763974599141,0.051467970781228,0.0328950832685066,0.0333713402274149,0.0403715299193333,0.0300963741027934,0.0529987195421243,0.0242957571493292,0.0335885910529033
"29","EBI20_TS_13_S46_maxbin.016",0.016939534444655,0.00959937963806604,0.00492198708850337,0.0093057844967353,0.00467438870885143,0.00632311741250782,0.00910249104427366,0.0150050747118118,0.013947009180987,0.00989850524816675,0.0160014315616902,0.0183137898649422,0.0303433249051964,0.0136090639915088,0.00841322005764698,0.0186198065954708,0.0163478760823948,0.00497926314976964,0.0128226841087765,0.00444389117100704
"30","EBI20_TS_13_S46_maxbin.136",0.00295009159549206,0.00325343075853253,0.00330875183728247,0.00329664634990532,0.00392360932836136,0.00424555787144186,0.00334196916875489,0.00339829125294215,0.00319752795506636,0.00315672431334229,0.00338666274730998,0.00677466591724346,0.00546597147307164,0.00551044248187927,0.00455195943603828,0.00410944282023797,0.00563402240537647,0.00326623084262898,0.00499046069963083,0.00343867750061057
"31","EBI20_TS_13_S46_maxbin.171",0.00155215841233834,0.00095055073432609,0.00072318163220698,0.00122163989275624,0.00051711548439589,0,0.00091779098050889,0.00156594940889122,0.00162913909830536,0.00140182906605,0.00218345770652307,0.00504366223775074,0.0074370371601049,0.00235615229980171,0.00134449169524919,0.00425577731375337,0.00312499469786898,0.00163029817443591,0.00279014140791014,0.00152560257765043
"32","EBI20_TS_13_S46_metabat2.12",0.00958800457367071,0.0170701616370698,0.0159144328515157,0.0153929808202495,0.0208710535798322,0.0152621319969313,0.0164520490754432,0.014513451871686,0.0161973260699278,0.015191017149457,0.0142618160499918,0.0139980702040887,0.0127897679393544,0.0129312146022021,0.010937876756483,0.0118878646347711,0.010886103397434,0.00541172782076236,0.014715325665774,0.00670569918557968
"33","EBI20_TS_13_S46_metabat2.17",0.00458743068131825,0.00520352462717164,0.0065816777141761,0.00505695772761104,0.00697627681752957,0.0065487856792858,0.00747620390970728,0.00794350892314239,0.00861736594429902,0.0109701397613841,0.00920678195059652,0.00876395286964842,0.00727434703049257,0.00572403603636885,0.00497377680928704,0.00830826262613901,0.00665574782650857,0.00355093005441841,0.00654179624811705,0.00378680001066638
"34","EBI20_TS_13_S46_metabat2.188",0.0041303498411833,0.00585300391280725,0.00527173277878199,0.00666171916064349,0.00551982710894329,0.00701485884313405,0.00778075763022799,0.00760358206524345,0.00751231579859611,0.00697197557018687,0.00786627525288183,0.00785198198643879,0.00759869940883052,0.00653509084203725,0.0056525398312151,0.00650760806599295,0.00551580676395157,0.00342941532251071,0.00542024901290144,0.00366066889237848
"35","EBI20_TS_13_S46_metabat2.196",0.0162772375684544,0.0125585591615162,0.0128185299912323,0.0130837214977218,0.0239872276501813,0.0152052900523312,0.0116377970490141,0.0108197592640982,0.0123329959439517,0.0118678823333388,0.0108581299167015,0.0135206048213629,0.0148869065975746,0.0207789723910752,0.0134919475705498,0.010800097308801,0.0168614663714188,0.00639850725895555,0.0160696005113925,0.0091997404104629
"36","EBI20_TS_13_S46_metabat2.202",0.00612747907960481,0.0091776413510213,0.0111895853587576,0.00762027297519895,0.0116451881535372,0.0101781787013285,0.0107565616349345,0.0103126831393827,0.0114811140659794,0.0128326912219806,0.0113304065762919,0.0125912035790897,0.0105606071294156,0.0108087537796368,0.00927503570455436,0.0112484409200609,0.010951053089855,0.00557976561168802,0.0111419496628667,0.00654684212290002
"37","EBI20_TS_13_S46_metabat2.207",0.00345668585921199,0.00459835315957396,0.00551356066383423,0.00433405311253959,0.00642372505959513,0.00623027063077828,0.00769624563771814,0.00716963007854472,0.0108078098328457,0.0110143299426923,0.00624224688122285,0.0101494953891643,0.00357313435877669,0.00540793712315491,0.0060593113866614,0.00448855646497409,0.00658372130014552,0.00362887517424656,0.00644044474792994,0.00393711426216595
"38","EBI20_TS_13_S46_metabat2.246",0.00510825795576305,0.005613641331055,0.00522229304438576,0.00657968885700685,0.00795747271702582,0.00774321002829533,0.00817897665378567,0.00967478551047872,0.0102245875564719,0.0115930355849689,0.0102778560313051,0.00929572232569435,0.0108205146992952,0.00783304191195359,0.00548502589882388,0.00925605718767804,0.00715670200315849,0.0033269325813302,0.00806332788049529,0.00375766820734917
"39","EBI20_TS_13_S46_metabat2.263",0.00595565690352216,0.00599666209421258,0.00986676535043682,0.00726722666402604,0.00725694225097149,0.0115798753193785,0.0178296654163368,0.0155335658431459,0.0192813559840776,0.0154481234213648,0.0172407200235144,0.0115383018789668,0.00960244185323851,0.00654492522410526,0.00832444688629707,0.010370322812173,0.00650224652555047,0.00306485938770311,0.00607672761802637,0.0030633955142691
"40","EBI20_TS_13_S46_metabat2.270",0.00428228700031811,0.00394329756996933,0.00401942376846175,0.00379780420982617,0.00435567770522342,0.00444175957766982,0.00383280031341562,0.00449620057660518,0.00578056870927291,0.00599627679849733,0.00528020808174371,0.00699703836857891,0.00739963619953183,0.00550045358394154,0.00502492023145454,0.00583428291619852,0.00591687162123066,0.00319264022947294,0.00483621070328073,0.00320061908627913
"41","EBI20_TS_13_S46_metabat2.272",0.00477937869094944,0.0052962232673808,0.00755155794103604,0.004984840787155,0.00876165983233013,0.0078525584208489,0.00919358587446167,0.00910446886751776,0.00973477515798764,0.00946042586764256,0.00956807946022647,0.00898742617824218,0.00885080920692475,0.00698013877892411,0.00708368302512513,0.00787809294090476,0.00713714648608071,0.00363570918900057,0.00889562517281706,0.00390750873828176
"42","EBI20_TS_13_S46_metabat2.282",0.00464456512260584,0.00515399938374028,0.0053617739799636,0.00541514738958077,0.00498197908246579,0.00608216426118127,0.00723777775855409,0.00601941210404661,0.00660029327525556,0.00540318510600572,0.00648589047824804,0.00698911434084623,0.00644812980388163,0.00696267546906734,0.00561196329413609,0.0055121118172461,0.00548391814681589,0.00343757451982506,0.0051215248877432,0.00358436870203341
"43","EBI20_TS_13_S46_metabat2.292",0.00435309894996436,0.00458875102873623,0.00634016698367864,0.00521675556449639,0.00596082899478131,0.00676793538672896,0.0168995417534843,0.020454468441274,0.0188491271701237,0.0130101802473331,0.0142299791371681,0.00855609815211748,0.0103460294504123,0.00669749607084574,0.00649103442403745,0.00777253578423384,0.00630153391057471,0.00374875817341034,0.00763730551478126,0.00403241431833002
"44","EBI20_TS_13_S46_metabat2.297",0.00899784335756216,0.0139204695969616,0.00928245544803055,0.0107224695246165,0.0122568304604874,0.0103350490989846,0.012387657479255,0.0116961370420739,0.0112133728679739,0.0113596170295154,0.0119350678357363,0.0138366856022846,0.0122402424201342,0.0144315955388149,0.00816086549137375,0.0114999188571751,0.0111628761564273,0.00523854510926219,0.0100663985934867,0.0060785705996567
"45","EBI20_TS_13_S46_metabat2.303",0.00359791089624886,0.00363191870279978,0.00402008024428751,0.00354739655189026,0.0056779151907044,0.00388139587035989,0.00717504914913585,0.00823659173827419,0.00951145375968047,0.0097180011256365,0.0106893127645753,0.00922137728895517,0.0108976940008348,0.00544412768938624,0.00496576114723758,0.00767469050522098,0.00579317775405081,0.00277633270077563,0.00992834114794735,0.00293496066570801
"46","EBI20_TS_13_S46_metabat2.324",0.00338755150484764,0.00418251720856012,0.00605435351316867,0.00395053595118695,0.0068460844182568,0.00572644794080213,0.00807897693904297,0.0100135487902997,0.0106914494875221,0.0110275193598853,0.00904450641529421,0.00768829451992193,0.00659619507158762,0.00513696187152953,0.00474969880518551,0.00697794235573742,0.00561101996733058,0.00353045415629912,0.00645538750274553,0.00378751662617376
"47","EBI20_TS_13_S46_metabat2.328",0.0123953308116767,0.00817624603829698,0.00794453782193114,0.00619900200910984,0.00998501909417716,0.00485141998198864,0.00810844350363017,0.0106489830538226,0.0104938790282956,0.0098453386862334,0.00873255539757724,0.00958552442862818,0.011552520206448,0.0104066253907609,0.00868311084605665,0.00761350039439926,0.00854069205325703,0.00467411658718001,0.0165940580862772,0.00541771004174722
"48","EBI20_TS_13_S46_metabat2.348",0.0150903334405046,0.0321873571603583,0.0200055674625393,0.0214574713173702,0.0283851273825082,0.0174917855767328,0.0203210883398408,0.017978872068276,0.0178189990851637,0.017046066792227,0.0138710833732987,0.0204523241104572,0.019271716208515,0.0225843143616163,0.0136677406316207,0.0151895193819288,0.0170746473820752,0.0114857502430149,0.0211806720945932,0.0155486767145201
"49","EBI20_TS_13_S46_metabat2.46",0.00314262618563701,0.00280908677083828,0.00256914438418677,0.00241369927305695,0.00236575485025164,0.00231706425977913,0.00419803575753095,0.00709488932592695,0.00708338140560191,0.00691383533895968,0.00887420869369443,0.00878548392199919,0.00878524484481391,0.00361016961439647,0.00364809081716834,0.00643532203757876,0.00413103143810746,0.00221493419647839,0.00403701569255163,0.00218992619885763
"50","EBI20_TS_13_S46_metabat2.73",0.00525257800148514,0.00352937827385665,0.00235248455080981,0.005768722048999,0.00283024723269564,0.00360722490484991,0.0076700843101015,0.0107163751364605,0.00784408187975008,0.00515660979255744,0.00851839365902277,0.00915885288573763,0.0172941085237312,0.00722920428353944,0.00450986194478363,0.00889324531044401,0.00742182842766262,0.00281867411114056,0.0106175851226634,0.00318282464317675
"51","EBI20_TS_13_S46_metabat2.84",0.00275041499716309,0.00241969512221458,0.00219885071637329,0.00217575710446897,0.00197899193920567,0.00208232364849477,0.00315398460458907,0.00539133446432701,0.00575444819916946,0.00580614703048166,0.00758645003224595,0.00884080628828332,0.00987182876907327,0.00344622529356596,0.00324702551590372,0.00653983469936362,0.00400799503283606,0.00202367649643422,0.00350759295607786,0.00199475558825664
"52","EBI20_TS_13_S46_metabat2.91",0.00336944059722789,0.00159169777183968,0.00132582208269223,0.00224974177500246,0.0016947524322559,0.00180995246541032,0.00529456126475819,0.00778654717843196,0.00735778272248395,0.00455326899048678,0.00589850202727115,0.00837794835208022,0.0100673033715602,0.00468843079165331,0.00305463016473096,0.00631997921303941,0.00544562886211062,0.00196956918844449,0.00498577373883667,0.00189940260312264
"53","EBI20_TS_13_S46_metabat2.99",0.0048177313114418,0.0044325007713435,0.00594366297382686,0.00444666291164021,0.00502413666988872,0.00729255689826413,0.0113093866248918,0.0122745506772306,0.0159224721443678,0.0150898288290827,0.0168873483050178,0.0114553812356697,0.0094015642871164,0.00528786455019283,0.00687977396326382,0.0111480820135187,0.00555220689779615,0.0025144564036111,0.00449103517462253,0.00229981000920698
"54","EBI20_TS_16_S49_maxbin.006",0.0327770259077631,0.0167414513677744,0.0188243164186782,0.0208764404893135,0.037239062923286,0.0222865910324371,0.013338176704168,0.0108585948009547,0.0128166678325771,0.0130867441854487,0.0118061558716691,0.0263636816817836,0.0287834875848448,0.045972476586969,0.026350898437989,0.0200785641128851,0.0421586553443104,0.0151834305926257,0.0298462806093419,0.0199579085879297
"55","EBI20_TS_16_S49_maxbin.014",0.0234750333699228,0.019560703222199,0.0211775880584261,0.021035585070477,0.0378957798297315,0.0209980116720934,0.014488134522665,0.0134947165629444,0.0140227220595695,0.01353242270821,0.0116966813899733,0.0148141013772369,0.0170650839807752,0.0278173177338496,0.0184153054300838,0.012030701566625,0.0210080633526988,0.0123121260303633,0.0289452017834849,0.0208954345291596
"56","EBI20_TS_16_S49_maxbin.057",0.0188364995943461,0.0103661498703703,0.00911866823449779,0.00573283969485275,0.0135958771323332,0.00483091328193629,0.0153803448374735,0.0237417584550596,0.0257224496808361,0.0239937070140593,0.0226524689461912,0.0198252525837489,0.0232901040449452,0.0148161848681885,0.0118756192045869,0.0169525023031897,0.0147415367168852,0.00458841540087075,0.0210770642775698,0.00559429290330697
"57","EBI20_TS_16_S49_maxbin.321",0.00283922428644463,0.00263531685213467,0.00262130967737934,0.00299002859753975,0.00330659300726291,0.00364107060798606,0.00483906578583259,0.00624428624400737,0.00551755495545059,0.00455989684816944,0.00550981081941284,0.00536967539605908,0.00662420186548379,0.00378799743750258,0.00459752237710612,0.00463787553494087,0.00399457707386807,0.00226854552814848,0.00285342486274932,0.00225536576688331
"58","EBI20_TS_16_S49_metabat2.104",0.00378367013788237,0.00438159567020244,0.00529043542455844,0.0037116908849263,0.00560694668592483,0.00443046714799871,0.0113732954829747,0.0137043912778448,0.0202678689861854,0.0202043954560216,0.0150427084546213,0.0158756376584138,0.020072288360859,0.00919065655328129,0.00984836268960045,0.0139059152021508,0.00851128551848982,0.00361816406004281,0.0154746452292379,0.00372096693272174
"59","EBI20_TS_16_S49_metabat2.109",0.021826111193009,0.0147192003994972,0.0158237198283202,0.0162017176318978,0.0203365666250077,0.0135531476739949,0.00682030587233014,0.00583949562507589,0.00639435490125912,0.00671301262286143,0.00558294914400054,0.00970666161758438,0.0113288199413366,0.0116404332697458,0.00845223452710574,0.00862362812130449,0.0127214963817225,0.00522513720719455,0.0111266937816153,0.00728572174259614
"60","EBI20_TS_16_S49_metabat2.118",0.0166148352687741,0.00817053682760124,0.00359209267691165,0.0132726642971142,0.00550127964624612,0.00693905235500688,0.00383809355895395,0.00285164618257316,0.00188414969718603,0.00145852275607053,0.00147295052034757,0.00239675961619488,0.00343014929017628,0.00813290727393547,0.00632140181123745,0.00246079542005809,0.00613260205032574,0.00915194981216785,0.00590316825849699,0.00967092390710656
"61","EBI20_TS_16_S49_metabat2.154",0.0111317770398303,0.0123419388367528,0.0181936043798307,0.0114154222956431,0.0201965411132983,0.0162461825351894,0.0140000883322853,0.0118873853994888,0.0126377840532076,0.0157730625213415,0.0127244165061366,0.0126993956874676,0.0112579924165584,0.0134905540063658,0.0116991955751821,0.0129913053213609,0.0148974468410613,0.00714236261829636,0.0134617950357071,0.008435428986464
"62","EBI20_TS_16_S49_metabat2.171",0.00572935395390746,0.0108866554951643,0.00909479373386087,0.00906661435963216,0.0113227195509152,0.00871369165656952,0.00763841675748528,0.00669129774586926,0.00683244018639755,0.0068566255682892,0.00622413392865326,0.00582271997613099,0.00564716498652399,0.00679794077107332,0.00670439373956271,0.00570234359515445,0.00630916346142696,0.00476452034401647,0.0076127455632234,0.00570380885102919
"63","EBI20_TS_16_S49_metabat2.222",0.00539527261323833,0.0051193672970615,0.00759671930974764,0.00434889115193218,0.00897743004137687,0.00642244331908307,0.0113087912436617,0.017644279243178,0.0209158470909032,0.025415739452026,0.020634650062493,0.0183316552055912,0.0173885719613255,0.0102071497602374,0.00846427127865764,0.0158220883317693,0.0109250264517267,0.00397070877703954,0.0114296770284665,0.00433443204963734
"64","EBI20_TS_16_S49_metabat2.254",0.00490364224331153,0.00328266628466447,0.00234768070133,0.00519408053246688,0.00236054512538781,0.00394587623721359,0.00473345801246921,0.00444856347136569,0.00379036780946132,0.00243746634973802,0.0034226960428619,0.00438624922641331,0.00694857296034477,0.00578762853408132,0.00572629467481723,0.00425081085694179,0.00415746988618414,0.00265135600613328,0.00464945306448284,0.0030867712606758
"65","EBI20_TS_16_S49_metabat2.263",0.0116841284879134,0.00714981924905967,0.0157547176826938,0.0184372310267141,0.0273484572123048,0.0187241309727549,0.00835386192970508,0.00530687679081943,0.00544262790532069,0.00539785479826753,0.00538246015576923,0.009727828815166,0.00971185291726877,0.0229315795614801,0.0106646346141508,0.00800675770635788,0.0208145394867078,0.00825267244256342,0.012017841381045,0.010194874695165
"66","EBI20_TS_16_S49_metabat2.319",0.00355030885682467,0.00505187196929347,0.00602388147784767,0.00556615706858597,0.00624423056257856,0.00773755290197492,0.00477165793654428,0.00418974837860791,0.00441176032193021,0.0043110059975688,0.00445116749758499,0.00427113994578871,0.00477861862423773,0.00792598806763172,0.0101580938654833,0.00474648281617334,0.00604939150147453,0.00673698188280054,0.0119033704853645,0.00811462059077703
"67","EBI20_TS_16_S49_metabat2.325",0.00927075696931102,0.00712316217425302,0.00323441338628568,0.0055662279994244,0.00551653717614551,0.0023393742645609,0.00283668227596733,0.00314039316973765,0.00254238010122846,0.00219446542223671,0.00261677565807203,0.00410367882637147,0.00699469391079612,0.0107370305965283,0.00697120418219952,0.00354375194222895,0.00734738902544779,0.00580460242931717,0.0117131217878907,0.0057404045191608
"68","EBI20_TS_16_S49_metabat2.338",0.00480640699668839,0.00416251581065872,0.00169870537238864,0.00484816432757517,0.00196700178821589,0.00300290058623453,0.0016359477207158,0.0012729789415146,0.00094993035331792,0.00076800469092685,0.00116560966160074,0.00118544823803999,0.00215646163285851,0.00387501802688848,0.00529215689157627,0.00148130005873802,0.00304094899470163,0.00324273933378298,0.00260373422985385,0.00357212413173065
"69","EBI20_TS_16_S49_metabat2.343",0.00810702214696839,0.0086965390731551,0.00809864727452436,0.00966134418161746,0.0111190394381647,0.011920931964148,0.00864062120121871,0.00802617334088821,0.00878495624619223,0.00779210812990754,0.00677673005132209,0.00861788698253059,0.00943072959559057,0.0110439078283463,0.00907328473362269,0.00705980600801818,0.00922452257978459,0.00463915385840962,0.00831401660390483,0.00596845244346424
"70","EBI20_TS_16_S49_metabat2.65",0.00549126036115435,0.00637008163893559,0.00705862587385199,0.00667891487190486,0.0106088819718262,0.00880089509490688,0.00837404781664024,0.00886534479016205,0.00979815712298251,0.00944041557690556,0.00909454785609339,0.0088797022916203,0.00888322011327861,0.0084005150180922,0.00800328982193572,0.00788184628269179,0.00778343278905102,0.00431856052821457,0.00899964457045371,0.00506941001220081
"71","EBI20_TS_16_S49_metabat2.79",0.00468909339268183,0.00477431071691673,0.0079944928851141,0.00476798825985646,0.00685909581057942,0.00747030690075301,0.00839707242841151,0.00859452870356861,0.00996182505392354,0.0114710959366504,0.00834957741060128,0.00949960108993264,0.00850282244365013,0.00666683556390823,0.00885080382871551,0.0089195296276382,0.00830855625055732,0.00437470910291845,0.00632650586610723,0.0041933276903498
"72","EBI20_TS_16_S49_metabat2.81",0.00798319150226982,0.0096165148735129,0.0127766527067815,0.0114760709305384,0.0151273604687129,0.017231059283423,0.0146593222468376,0.0136705338401932,0.0166738054008068,0.0176539263209606,0.0199210438922856,0.0160975343821483,0.0128766126061697,0.0117476733164867,0.0114945569321351,0.0143464089522309,0.0106135170092176,0.00420373867524963,0.00979320812266839,0.00415242906040142
"73","EBI20_TS_16_S49_metabat2.95",0.0273746340561595,0.0120351308052719,0.0111445117096152,0.0177301685549042,0.00800297861576898,0.0103779829204228,0.00489694723504389,0.00571044053249531,0.00745004967436549,0.00752843017413799,0.00457504703161627,0.00808686882582134,0.0112837207602542,0.0118489204266755,0.00881248390886831,0.00870723093594328,0.00956095603227116,0.00820864020383606,0.0106912384820232,0.0105558009870634
"74","ED05_S_Wi19_S51_maxbin.002",0.00276488035998816,0.00317080930707216,0.00350300729695398,0.00292809109740946,0.00268837274876711,0.00324775177938015,0.00308919619239821,0.00278946517988315,0.00279192218940236,0.00270433883232028,0.00287826368688782,0.0025513185455763,0.00263174061510545,0.00269857776767163,0.00309776692601733,0.00296965285663781,0.00290606471434176,0.00442452951069083,0.00294364140622991,0.00412526002924232
"75","ED05_S_Wi19_S51_maxbin.007",0.00261903920292314,0.00117629630720981,0.00092072596945484,0.00235648732378489,0.00051157743616976,0.00130626871500792,0,0,0,0,0,0.00064456150362603,0,0.0008900847459497,0.00137527140935545,0.00086686751100502,0.00118162209006168,0.0203065554224114,0.00094350887299707,0.0130142052999307
"76","ED05_S_Wi19_S51_maxbin.016",0.00141665347234021,0.00098362218581607,0.00078943349462286,0.00119029057279258,0.00058179777073788,0,0,0,0,0.00049663875990108,0,0.00053004032382377,0,0.00068480434635613,0.00094067792372136,0.00073034383588292,0.00080993571085385,0.00216493636845181,0.00071743345307272,0.00178912968312499
"77","ED05_S_Wi19_S51_maxbin.024",0.00113923587176898,0.00108435204193191,0.00081556464275202,0.0011850700284833,0.00060310194382699,0.00110042837735285,0.00071440430644655,0,0,0.00049748936871819,0,0.00049622854752741,0,0.00066644662088474,0.00098928119185415,0.00069016329558214,0.00077569606729392,0.00145522162845087,0.00069083519895943,0.00133309292386696
"78","ED05_S_Wi19_S51_maxbin.033",0.00261785698394306,0.00376647170895426,0.00390293540135089,0.00335684656350007,0.00328221375347913,0.0035830218914475,0.00337332971853697,0.00312800495726735,0.00310273370047653,0.00301800939850533,0.00307643991414442,0.00254225899073011,0.00253347313969971,0.00284216038269789,0.00324610350433531,0.00306658473698496,0.00298228618436107,0.00338430175402352,0.00319292515540871,0.00364511531853988
"79","ED05_S_Wi19_S51_maxbin.038",0.00124700707893001,0.00107444839226382,0.00091355732922122,0.0012350535371118,0.00066766195428015,0.00105544982022576,0.00078536593883552,0.00072772797753766,0,0.00055265758025001,0,0.00056985968905722,0,0.00075137172704746,0.00104673961478583,0.00079842300558548,0.00085441143466809,0.00156965742561455,0.00080936002819245,0.0015002632293203
"80","ED05_S_Wi19_S51_maxbin.041",0.00213572528281496,0.00105141060789199,0.0007337716008827,0.00158059557318066,0.00047660321428101,0,0,0,0,0,0,0.00055145541087017,0,0.00072581691380151,0.00112005400932605,0.00080556494717544,0.00093127032164529,0.00214231248466847,0.00074860455748098,0.00179870582872231
"81","ED05_S_Wi19_S51_maxbin.043",0.00129503584162252,0.00085244990708395,0.0006550143760528,0.00112436001246245,0.00043563268871533,0,0,0,0,0,0,0.00043014185242887,0,0.00058388456848487,0.00085912220540849,0.00064590791901338,0.00070604001999765,0.00148746446470472,0.00060372447831382,0.00132107809798142
"82","ED05_S_Wi19_S51_maxbin.046",0.00123052691511343,0.00158455849084709,0.00177132827111928,0.00150577990462438,0.00133887421594838,0.00160596145215059,0.00146696690233725,0.00131315555927391,0.00128828816310797,0.00124388781186964,0.00132256876261492,0.00110982388364344,0.00108839828108278,0.00122956958576893,0.00153221098812121,0.0013803018918764,0.00135992978109299,0.00202863225767005,0.00141306553827026,0.00203387600597057
"83","ED05_S_Wi19_S51_maxbin.071",0.00234682742632573,0.00330665975051772,0.0040334107769213,0.00291997439506623,0.00303992087375068,0.00331908379300091,0.00341791061541297,0.00309229921676806,0.00314966031075803,0.00308497283871818,0.00325005242444975,0.00265373973145655,0.00249325667930656,0.00268539531830948,0.00322573361709364,0.00322502330652652,0.0029664369568184,0.00377222673768212,0.00320792945161225,0.00387786776078826
"84","ED05_S_Wi19_S51_maxbin.079",0.00111652805322736,0.00110743480777944,0.00101999708812522,0.00118143037686091,0.0007555106885773,0.00107922671143038,0.00085475596904484,0.00078109776783376,0,0.00064203342788664,0,0.00062815894492998,0,0.00078709901380998,0.00105034458270837,0.00084131379399682,0.00088695950885503,0.00148462494024535,0.00084589134534012,0.00145706529451378
"85","ED05_S_Wi19_S51_maxbin.091",0.00279865402929216,0.00242512957790592,0.00111411516522502,0.00301289150979009,0.00111067458145607,0.00244523542312849,0.00109864268528491,0.00092192972213549,0,0.0006275027300828,0,0.00073774924925223,0.00084986039685432,0.00138870082105163,0.0021919448103415,0.00089473027894073,0.00126878810308216,0.0034628813180088,0.00115158018524641,0.00317270955242907
"86","ED05_S_Wi19_S51_maxbin.100",0.00164212902484045,0.0009719360957514,0.00073360633569862,0.00136911396356889,0.0005028085354866,0,0,0,0,0,0,0.0005024272853157,0,0.00067587058064805,0.00101501674852929,0.00074548530683763,0.00082261764916473,0.00164194420000023,0.00072336229137621,0.00149285166486573
"87","ED05_S_Wi19_S51_maxbin.113",0.00125754191503241,0.00160708046330011,0.00172142852999725,0.00153417825950625,0.00131658925178134,0.00168969951775759,0.0014618155329619,0.00130238455794133,0.0012746149618632,0.00121150667408335,0.00130230634850331,0.00108667174749558,0.0010856395801805,0.00122630893222495,0.00154288880652768,0.00138564534531875,0.001351720173639,0.00200815262438751,0.00137975550933077,0.00198191383836439
"88","ED05_S_Wi19_S51_maxbin.143",0.00182019213023377,0.00098593576650452,0.00070063325062991,0.00144445843017581,0.00047267204286043,0,0,0,0,0,0,0.0005048261891016,0,0.00067339742175894,0.00106239006782631,0.00075362070603512,0.00085490301915525,0.00188964469889314,0.00072423121723552,0.00165600314026487
"89","ED05_S_Wi19_S51_maxbin.249",0.0015060804515174,0.00182338199439999,0.00194270540616883,0.00174612174997767,0.00149907355856881,0.00178386628286658,0.00168213239198624,0.00152761131740504,0.00150062253921616,0.00142027200920619,0.00151831059024912,0.00127298354629233,0.00127562833157309,0.00141678691260493,0.00177658808649174,0.00163731983176615,0.00155072694150095,0.0019624392954019,0.00160255159222307,0.00205373455317824
"90","ED05_S_Wi19_S51_maxbin.386",0,0.00084837186034115,0.00078871059443217,0,0.00056937038694555,0,0,0,0,0.00048519847138609,0,0.00048573339260951,0,0.00061108261275658,0.00082113474493052,0.00065995423779255,0.00068486005139842,0.00128132392666613,0.00065279858668832,0.00124019481201721
"91","ED05_S_Wi19_S51_metabat2.140",0.00171539667912743,0.00187556859619029,0.00150367358505664,0.00225770505913221,0.00130753949617379,0.00201099048629665,0.00139029246388313,0.00130638864519204,0.00118282214430064,0.00103886610265884,0.00102012851351707,0.00092417871110399,0.0010724812151483,0.00125142101225548,0.00149024834409937,0.0012238751268323,0.00140151737980014,0.00201083527199053,0.0011458605997053,0.00197582134933147
"92","ED05_S_Wi19_S51_metabat2.158",0.00154581113017094,0.00195519420229389,0.00206398149978901,0.00180946817876215,0.00162277490416214,0.00189434992927541,0.00184517534899304,0.00172643552588005,0.00171626466507499,0.00160498051361669,0.00172663228803347,0.00141548583694182,0.00146251369246393,0.00154846386200551,0.00189559679050269,0.0017798981335767,0.00169074232393864,0.00214907433073261,0.00171968767560506,0.00218813868319379
"93","ED05_S_Wi19_S51_metabat2.176",0.00239752010163047,0.00334837798591183,0.00408239429377397,0.0029595238389592,0.00316606505745049,0.00340886195890357,0.00354207583895632,0.00318270552163688,0.00329059103492084,0.00323583220704251,0.00339004079534197,0.00274928663563257,0.0025544946980227,0.00275937490236146,0.00327146295813847,0.00326326279154005,0.00306206820496708,0.00392054953660124,0.00327078777709822,0.00401101617927965
"94","ED05_S_Wi19_S51_metabat2.200",0.00167508635397897,0.00092296586716123,0.00065400995856643,0.0013443471292133,0.00044147924988714,0,0,0,0,0,0,0.00049948560171406,0,0.00064842490877429,0.00099852300765219,0.00073501862735353,0.00080524307258553,0.00167808398542851,0.00067715012851651,0.0014559389258026
"95","ED05_S_Wi19_S51_metabat2.217",0.00115930860697495,0.00130265000238242,0.00127515550581125,0.00128857355354349,0.00097134811267694,0.00127514169446524,0.00107665142943281,0.00098124539309558,0,0.00084766782365566,0.00094876735427352,0.00080167427887824,0.00081344999871287,0.00095086709940341,0.00124049348553681,0.00106637876387589,0.00105385906674575,0.00150740650127716,0.00103501314894484,0.00154366968666726
"96","ED05_S_Wi19_S51_metabat2.218",0.00391962375887518,0.00397040750087688,0.00143540608608589,0.00621948510522964,0.00168916551195524,0.0048253725447876,0.00165444917742386,0.00120607800747013,0.0010711364269351,0.00078698837242763,0.00081538575731138,0.0009509178905501,0.0011261407227085,0.00207266146383455,0.00325778166880229,0.00111696117177936,0.00179363801180294,0.0046192369007904,0.00149705770026528,0.00514565488485759
"97","ED05_S_Wi19_S51_metabat2.228",0.00149546340668697,0.00192740240209272,0.00190110776336848,0.00186055623624694,0.00144838811314885,0.00188209732722348,0.00161809899048354,0.00148407076261299,0.00140766167051824,0.00130316961271071,0.00141072123648124,0.00116543004235066,0.00118377115071093,0.00136291443510635,0.00172977787542094,0.00151222268845456,0.00147972682259811,0.00198538040126381,0.00151723306879769,0.00207943374307069
"98","ED05_S_Wi19_S51_metabat2.232",0.00188488465207087,0.00257771197460237,0.00294386078552881,0.00238153992291835,0.0022521457794536,0.00259341798168988,0.00247715438101933,0.00224034812749106,0.00225779027789843,0.00217237621023831,0.00229491762736451,0.0018796911080543,0.00178535308819608,0.00199083341209214,0.00246864072529552,0.00229893276923656,0.00218199262468234,0.00322780188236594,0.00233902195836763,0.0032337682109863
"99","ED05_S_Wi19_S51_metabat2.267",0.0013279622800194,0.00110196662358469,0.00096180174712905,0.00128921175808736,0.00070801937775681,0.00109830511725894,0.00087113435996966,0.00079777345565343,0,0.0006197326496023,0,0.00063659715878337,0,0.00079446697401488,0.00110049271893163,0.00088389168517933,0.00091167434057713,0.00143853569375873,0.00085284160809882,0.00139237807219324
"100","ED05_S_Wi19_S51_metabat2.276",0.00258697936071126,0.00105544881303021,0.00070466897602882,0.00180217233652188,0.0004360243033282,0.00111407627117266,0,0,0,0,0,0.00053928194902302,0,0.00068827542303028,0.00114978868778735,0.00080120464413778,0.00093601408544846,0.00213517191973088,0.00071643710884069,0.00174606913734065
"101","ED05_S_Wi19_S51_metabat2.297",0.00138883056552192,0.00104506986214353,0.00085470846796146,0.00132140553563291,0.0006124368290704,0,0.00077007800876018,0.00070643131718268,0,0.00051799317259918,0,0.00054729776251671,0,0.00071102461688567,0.0010257238815516,0.00078514155725426,0.00083877007606831,0.00152713878175358,0.0007689324547176,0.00141531555164227
"102","ED05_S_Wi19_S51_metabat2.311",0.00154915454539642,0.00196849278246018,0.00165714050601481,0.00198212553445304,0.00130714504238687,0.0019826543172911,0.0014761910458079,0.0013146536619066,0.00120712801435191,0.00110812999147448,0.00117746680900804,0.00100872526338427,0.00105153104699169,0.00124434679979076,0.00165474389281441,0.00131279189826386,0.00135063986614847,0.0020569123791966,0.00131796873863804,0.00207225504093941
"103","ED05_S_Wi19_S51_metabat2.313",0.00165670092792816,0.00227710937948149,0.00237086424458264,0.00199252980823643,0.00182227259453971,0.00223300371193745,0.0020076989545322,0.00181957148350839,0.00178325901753538,0.00171288532873756,0.00182670092122162,0.00152727299485253,0.00149247006051311,0.00169339984835225,0.00215552914847658,0.00190096525557824,0.00185014033185885,0.00242731280397503,0.00194659685488132,0.00248327952064825
"104","ED05_S_Wi19_S51_metabat2.325",0.00172906363028621,0.00229075540277045,0.00259686035779427,0.00208062338374379,0.00200779178697363,0.00228353104625469,0.00225319758584851,0.00207641667934362,0.0020460590117632,0.00196862938548844,0.00212176419902822,0.00173750195410741,0.00168802201189616,0.00183607108788752,0.00226534398615655,0.00217612031005501,0.00201558711403322,0.00249717700483858,0.00213836963506472,0.00258899655127163
"105","ED05_S_Wi19_S51_metabat2.342",0.00701730391541748,0.0101621389572543,0.00468651745127577,0.00779586762881007,0.00559458798462367,0.00751708998775868,0.00458926701207934,0.00415057115875567,0.0039343690023844,0.0035525408624809,0.00308264384665903,0.00358662654515281,0.00400453264378688,0.00567674211392038,0.00585248983865313,0.00362183969087316,0.00529951831834812,0.00476279309781239,0.00397610025638311,0.0049550323940101
"106","ED05_S_Wi19_S51_metabat2.346",0.00213670697746606,0.00113631623024566,0.00079152690414353,0.00168906809757675,0.00053091409354825,0.00112962046620152,0.00076827257976441,0.00074976155962833,0,0.00048274596155648,0,0.00058028201940811,0.0007362237148808,0.00077233936298029,0.00121851472459949,0.00085825441807997,0.00096546342226405,0.00200213260842384,0.00081519778885475,0.00179266624351492
"107","ED05_S_Wi19_S51_metabat2.355",0.00117647664420232,0.00114790727831468,0.00103302183375099,0.00125333061495543,0.0007679655070851,0.00110327998863193,0.00088423644188177,0.00080380036589306,0,0.00065121467966215,0,0.0006352302371929,0,0.00081766195118204,0.00108071895230928,0.00088051591000664,0.00090476753021257,0.00147205646275785,0.00086485494467435,0.00144402475296535
"108","ED05_S_Wi19_S51_metabat2.367",0.00140237157990587,0.00163594616201857,0.00163857597593157,0.00164760490506238,0.00123956297042171,0.00160362838526027,0.00140317333553393,0.00129706378151275,0.00121261231290469,0.00112868020407611,0.00123230665045875,0.00103097805633949,0.00106666190436834,0.00119588143924108,0.00153451771996597,0.0013529052517517,0.00132357609666726,0.00181059877309681,0.00133018042876732,0.00187530745017974
"109","ED05_S_Wi19_S51_metabat2.380",0.00115800872831461,0.00110211446330977,0.00101359052822681,0.00124464653510554,0.00074268374686495,0.00107542315924151,0.00084817214006594,0.00079293537688093,0,0.00063062743152976,0,0.00063609673337839,0,0.00078868402486487,0.00109035129717612,0.00086563197662683,0.00089432975348848,0.00164635689517977,0.0008608191965417,0.00156324085848427
"110","ED05_S_Wi19_S51_metabat2.385",0.00122493565964121,0.00134349491588687,0.0013203577976912,0.00138381394732959,0.00099152337912541,0.00132671572732386,0.00111065851186582,0.00100160529190256,0,0.00085410971986377,0.00094353674180494,0.00080408286877833,0.00085271726400998,0.00098254630500215,0.00127713004093843,0.00107296133784303,0.00108875517464272,0.00161031190285873,0.00108191476202118,0.00164036684133788
"111","ED05_S_Wi19_S51_metabat2.387",0.0019765205222988,0.00268011508687017,0.00300618601310292,0.00245743107598736,0.00228486773880586,0.00260710749229576,0.00254704931373707,0.00231775324523481,0.00230838515677986,0.0022161610908968,0.0023530668051693,0.00190710438386054,0.0018197799550642,0.00205307873922945,0.00252320580780857,0.00238219881858466,0.00226081435810827,0.00263147933491765,0.00237850479325573,0.0028319769826406
"112","ED05_S_Wi19_S51_metabat2.408",0.00142835862714709,0.00147221617560146,0.00126728632156224,0.00168546917063574,0.00096941160457496,0.00149851364882819,0.00117273941139076,0.00105137001175394,0,0.00081438983162761,0.00090948340292368,0.00078275333049323,0.00084528611682508,0.000994923864105,0.0013032099531215,0.00104680683440617,0.00112528486807438,0.00169434581901376,0.00104680555073328,0.00171603288981993
"113","ED05_S_Wi19_S51_metabat2.425",0.00175580336215048,0.00233324693025464,0.00263101187854442,0.00212554422972925,0.00201327873006699,0.00229139305823287,0.00222747876887273,0.00205772280826533,0.0020313592797815,0.00194349473591711,0.00206885198974814,0.00169034083599828,0.00165538058673325,0.0018282971296935,0.0022495752528985,0.00211956407063367,0.00199608474880721,0.00243208708963656,0.00212934858288289,0.00259671864911273
"114","ED05_S_Wi19_S51_metabat2.437",0.00203147387107969,0.002593802508433,0.00285582046203719,0.00240881715534803,0.00222654057669843,0.00258054265928331,0.00248840981985656,0.00240551987497105,0.0023735861097213,0.0022519255256614,0.00238489377724168,0.00193669850078602,0.00192681997940063,0.00207657564241708,0.0025103210002336,0.00242769870677278,0.00225638152484446,0.00277436040118285,0.00231796932397372,0.00290544742178565
"115","ED05_S_Wi19_S51_metabat2.443",0.001662380420352,0.00218639533779533,0.00244652663585948,0.00201550122736937,0.00188566072793163,0.00218871001319977,0.00210770738070561,0.00192583598885859,0.00190548485057856,0.00180737521490189,0.00194368949632965,0.00159712110117577,0.00153887110946101,0.00171854343487249,0.00213603101222548,0.00200455205030688,0.00189660957744272,0.00230971423065274,0.0019928974157425,0.00242675128018427
"116","ED05_S_Wi19_S51_metabat2.448",0.00160280229963656,0.00207973863241707,0.00226647700992278,0.00194489071952007,0.00176523326901763,0.00208792280994478,0.00198926842088591,0.00184787798096748,0.00178919966680634,0.00170589312503979,0.00184244535423877,0.0015373541666797,0.00150598873771195,0.00166267679768093,0.00206830159936908,0.00190787844376341,0.00180803521180783,0.00216950409958581,0.0018847092213463,0.00225699462135938
"117","ED05_S_Wi19_S51_metabat2.450",0.00109535902465331,0.00131472438081782,0.00139936092150357,0.00128387813964149,0.00106943455766218,0.00131174896041603,0.0011956745057016,0.00108281538618519,0,0.00100026861308721,0.00108612208878854,0.00090519607182196,0.00091332132735353,0.00101785603022347,0.00129708198203907,0.00116871515715497,0.00113319458062275,0.0017401074383242,0.00115519080402585,0.00167821419788905
"118","ED05_S_Wi19_S51_metabat2.486",0.00138145620523769,0.00157822571341955,0.00155690848861628,0.00158315534603837,0.00117823483325219,0.00153565159580177,0.0013128647870664,0.00120143794575874,0,0.00105619259112457,0.0011305054949368,0.00097231866287793,0.00100877884150212,0.00114753540114176,0.00148344387439703,0.00126711298773716,0.00127321847359155,0.00185023910016012,0.00126544277260871,0.00187716451526441
"119","ED05_S_Wi19_S51_metabat2.53",0.00465754079581306,0.00534962531183168,0.00289430983863339,0.00602214859261955,0.00290932620498716,0.00427755436504041,0.00251319519201164,0.00227974573453266,0.00216461750280689,0.00187622044545581,0.00185008427938847,0.00295540214166387,0.00285621704296747,0.00434110760644142,0.00502803195967921,0.00234888384909192,0.00367991156480555,0.00477116013028166,0.0025320553735382,0.00442755082877455
"120","ED05_S_Wi19_S51_metabat2.536",0.00116232859082556,0.00091365707393889,0.00076083331533606,0.00109897794823455,0.00054754961178404,0,0,0,0,0,0,0.00049113288300879,0,0.00063903071258848,0.00091841759650719,0.0006933307655105,0.00075333391422373,0.00142200586221055,0.00069846295893525,0.00132543740840703
"121","ED05_S_Wi19_S51_metabat2.541",0,0.00097242681658336,0.0008803231505492,0.00110654132083716,0.0006466628807477,0,0.00076513475246064,0.00069840020915721,0,0.00055428626180504,0,0.00055287256800859,0,0.00069847993931722,0.00094748772114225,0.00075770019716889,0.00078751404641415,0.00134981908348092,0.00074939327479943,0.00131113864089406
"122","ED05_S_Wi19_S51_metabat2.549",0.00200272517904159,0.00259908848571704,0.00262191992518158,0.00231953495199053,0.00212648313881189,0.00243938035864433,0.00229479734101593,0.00211929391840713,0.0020855478359272,0.00199353715160988,0.00206723465963545,0.00184430097766384,0.00183251261469015,0.00202175284204344,0.00240736636651726,0.0021889323531697,0.00215558067459629,0.00259618497701045,0.00217452791023746,0.00267459011324924
"123","ED05_S_Wi19_S51_metabat2.553",0.00233185569271849,0.00298305133554899,0.00314207120417945,0.00270490980930201,0.00256495193908986,0.00286557070536188,0.00269591534847873,0.00247697304726048,0.00245458506563876,0.00234525865568469,0.002458296284826,0.0021387467681533,0.00207527917262071,0.00234979489349528,0.00274223780559034,0.00256697822869078,0.00254017921289232,0.00293181820881444,0.00256868424161395,0.0030978194602473
"124","ED05_S_Wi19_S51_metabat2.555",0.00151097877361913,0.00188360297509458,0.001706167901598,0.00183860933522428,0.00140895884437743,0.00186252262112089,0.00148094310122297,0.00137073328668563,0.00130179354275713,0.00121308868564414,0.00124376842707579,0.001113791080117,0.00118670689464218,0.00135938436755786,0.00168095213246511,0.00140624417143191,0.0014542387171615,0.00223660630730708,0.00142961267466122,0.00215363814736171
"125","ED05_S_Wi19_S51_metabat2.557",0.004032343106877,0.00591388431767776,0.00762221065445296,0.00511936060324229,0.00592911095461015,0.0061509621303032,0.00666264579847977,0.00614596505635714,0.00639856558750299,0.00642308353017089,0.00661477352376598,0.00527762764531124,0.00475909308905886,0.00492481761556632,0.0057317087559399,0.00618551700223303,0.00548465136180341,0.00568686314705943,0.00614259737679191,0.00612461980927287
"126","ED05_S_Wi19_S51_metabat2.62",0.00230021382816557,0.00305667302473672,0.00304386052605508,0.00276510310281496,0.00244327597731629,0.00308011117188927,0.00256978614790062,0.00238804930192783,0.00234333602655122,0.00226732923649231,0.00233022371177374,0.00208978002968783,0.00209199058307098,0.00235285839685582,0.00285269771078344,0.00247926535754945,0.00254628014142684,0.00323097570393587,0.00249955917224864,0.00338552700848233
"127","ED05_S_Wi19_S51_metabat2.632",0.0013504766956568,0.00116397998987028,0.00105952561006315,0.00132720027372943,0.000778318092669,0.00115349678591896,0.00093329029795641,0.00086260533511061,0,0.00070055613098395,0.00078542228450202,0.00069447808889798,0.00076127547536792,0.00084279203013275,0.00116194573873781,0.00094906135001612,0.00097229264027725,0.0016247255243102,0.00092542049215919,0.00154252232237894
"128","ED05_S_Wi19_S51_metabat2.635",0.00145044410187952,0.00180521133343568,0.0019127684033823,0.00172601154246559,0.00150212359711042,0.00187055852771024,0.00170187006079146,0.00158133100964778,0.00152376509804971,0.00143001793851857,0.00156701295160147,0.00132320897921263,0.00131162478897989,0.00145099126280078,0.00182991110508298,0.00163747135239764,0.00156894499588276,0.00195798578022402,0.00161838760041337,0.00201682533433164
"129","ED05_S_Wi19_S51_metabat2.637",0.00147874339453358,0.00084747086222235,0.00062358928561091,0.00120860664529714,0.00041397148151517,0,0,0,0,0,0,0.00042623055662908,0,0.000570139326071,0.00088026203312849,0.00063122925096555,0.0007290927107034,0.00189440142928741,0.00060936192838216,0.00157214051904263
"130","ED05_S_Wi19_S51_metabat2.65",0,0.00064567012410355,0.0005215763336064,0,0.00034732474194243,0,0,0,0,0,0,0.0003415203054448,0,0.00044538334693203,0.00065383732712924,0.00050307844444443,0.00054042895028144,0.0012439794176922,0.00048281401704813,0.00107365040106245
"131","ED05_S_Wi19_S51_metabat2.662",0.0011135231555529,0.00087740805679645,0.00070063793027,0.00107524168706081,0.000500383179036,0,0,0,0,0,0,0.00047094205288577,0,0.0005977394467794,0.00086612122198451,0.00064507678797581,0.00070224173567393,0.00136588554134865,0.00064235398344777,0.00127384131817531
"132","ED05_S_Wi19_S51_metabat2.672",0.00189659430461971,0.0026386182308957,0.0012025471954323,0.00251621959289519,0.00099633625763993,0.00221867471174758,0.00124568184288759,0.00100054846076254,0,0.00070533152628552,0.0007656816092161,0.00068291272558862,0.00080313005169221,0.00115493862180109,0.00185832745296635,0.00092369475386302,0.00114755356117294,0.00211672048009112,0.00098217405647972,0.00197827091714652
"133","ED05_S_Wi19_S51_metabat2.681",0.00215030215215942,0.00285426410908605,0.00339746227765596,0.0025464148508173,0.00263986705529265,0.00294592364550954,0.00299475196729775,0.00273180228027946,0.00273827466099994,0.00269969293073957,0.00283956747492759,0.00230086851541505,0.00216158461258814,0.00233570130326494,0.00283691535413547,0.00283680441180478,0.00256592388122634,0.00286333729897945,0.00277795446681262,0.00301725588537699
"134","ED05_S_Wi19_S51_metabat2.755",0.00130941649697403,0.00160382449180292,0.00155009553892098,0.00151103459953734,0.00121525058078166,0.00157849778078795,0.00137645051114865,0.00127566879201631,0.00120607610901823,0.00112762485474548,0.00123843174980321,0.00105858827122018,0.00108804507355549,0.00124290903129892,0.00159267173859092,0.0013348200531679,0.0013265149732199,0.00186151144932138,0.00132616512417793,0.0018313612179171
"135","ED05_S_Wi19_S51_metabat2.772",0,0.00092865330183492,0.00080416435745098,0.00110738044995606,0.0005822819296642,0,0,0,0,0.00048554570398135,0,0.0004928105465799,0,0.00063802615833007,0.00089558949019025,0.00069556355738665,0.00073893253688856,0.00135883910252488,0.00068835647202873,0.00128901629272638
"136","ED05_S_Wi19_S51_metabat2.856",0.00141122635321516,0.00126295322659892,0.00109247802514265,0.00144718632642082,0.00081257990517891,0.00123740824842028,0.00096240522113692,0.00088093094416664,0,0.00068770676136263,0.00076996291005921,0.00068823715753847,0.00078275035551787,0.00087834790818427,0.00119972145281232,0.00096499951550126,0.0010099504934531,0.00160537716525604,0.00093839813772371,0.00157913544072677
"137","ED05_S_Wi19_S51_metabat2.877",0.0011202795135983,0.00101366576659843,0.00087685750762063,0.00116611460962136,0.00064390728688489,0,0.00076800111355971,0.00068916220785737,0,0.00053835445173923,0,0.00054225269096722,0,0.00071035104835686,0.00097731523327493,0.00074837559850734,0.0008103932843907,0.00139373705289268,0.00075447188450482,0.00133179220386006
"138","ED05_S_Wi19_S51_metabat2.91",0.00110333264658488,0.00118108992133621,0.00115572521759725,0.00122540185682442,0.00085165682926157,0.00120287814632565,0.00097238086068403,0.0008820688048823,0,0.0007537081922333,0.00081639920184447,0.00071925820707185,0.00076995975106453,0.00087259049940144,0.00112586759635839,0.00093852444380673,0.00098391378608833,0.00176620609111617,0.0009511361211316,0.00165594213994133
"139","ED05_S_Wi19_S51_metabat2.913",0.00178912600788586,0.00238529484676488,0.00276345232403251,0.00214682839451806,0.00209418769358265,0.00236287990008075,0.00235010879800894,0.00216603356724247,0.00214857701562264,0.00205364238881516,0.00219788053171689,0.00176923302083029,0.0017409005056886,0.00190275417113467,0.00232057904752433,0.00224718597990349,0.00208633394331984,0.00273809610141978,0.00220045628453634,0.00279036701750963
"140","ED05_S_Wi19_S51_metabat2.915",0.00134984598105007,0.00119308282216957,0.00100833114325625,0.00139338788049797,0.00074856396341445,0.00119828548320967,0.00092134767743292,0.00082428792356521,0,0.00063133995725688,0,0.00063290917974169,0.00071152733914916,0.00080798322458018,0.00111020349560049,0.00088115493283291,0.00092755467987819,0.00154859435983292,0.00085245278936884,0.0014932959664803
"141","ED10_S_Wi18_S52_maxbin.001",0.00290941904594435,0.00387924230624239,0.00428706280520168,0.00345942791845978,0.00347782933591565,0.00376584784011639,0.0037808726765061,0.00353858363975068,0.00355186869589776,0.00341924495776443,0.00357782339477025,0.0030295654654712,0.00327724675619413,0.00320480276058959,0.00360127622715077,0.00359516564741521,0.00345513908608762,0.00368103326061643,0.00355058503506182,0.00397782280042185
"142","EL05_S_Wi19_S53_maxbin.052",0.00161167681303556,0.00209226331222452,0.00227356297019958,0.00194197553126118,0.00175360372503207,0.00205181218884123,0.00187408348083205,0.0017474691135269,0.00169415098911795,0.00162813679959787,0.00172694948837034,0.00143151296042224,0.00141505023255421,0.00160362354719619,0.00195215684817847,0.00179036160690324,0.00174453458538445,0.00250547600397729,0.00182194224447631,0.00254444971978059
"143","EM05_S_Wi19_S55_maxbin.028",0.00127756252015971,0.00099338350059147,0.00082437326001171,0.00120908810998828,0.00059714401685089,0,0.00072787016568951,0,0,0.00049264669546833,0,0.00052689633982987,0,0.00069861518260015,0.00099444956540846,0.00076033409123083,0.00081727543603693,0.0015361206220932,0.00075209928937087,0.00147509737737617
"144","EM05_S_Wi19_S55_maxbin.033",0.00142575359122648,0.00089932817771283,0.00069073154901908,0.00119940823036757,0.00048609093641023,0,0,0.00067434904034467,0,0,0,0.00056084488334373,0.00070420616108625,0.00072648679540067,0.00100922578605522,0.00076126720182822,0.00087897678654897,0.00159700890551884,0.00068612987209547,0.00142446451896398
"145","EM05_S_Wi19_S55_maxbin.040",0.00168932448713218,0.00090363697121436,0.00064205980608239,0.00132137266524436,0.00043272620391744,0,0,0,0,0,0,0.00047304308185379,0,0.00062915553967157,0.00097287011576096,0.00070016995082925,0.00079718802635213,0.00175221630397422,0.00066909648647971,0.00151860803313235
"146","EM05_S_Wi19_S55_maxbin.041",0.00318617416660628,0.00450137930229949,0.00527239512784024,0.00392864046637206,0.00419407734186592,0.00448022750064583,0.00471682008098795,0.00439494475953888,0.00442125049239049,0.0043457289305028,0.00454975294055599,0.00373060973900955,0.00347947305788329,0.00369919069829083,0.00429538843058203,0.00438691082052996,0.00403202902206975,0.00440910488726751,0.00429635513591607,0.00464235972160621
"147","EM05_S_Wi19_S55_maxbin.044",0.00127583298220506,0.00140810169690955,0.00139192237781789,0.00140376627317543,0.00107050259751547,0.00137960193323593,0.00119098129750297,0.00109535100951538,0,0.00095682247363244,0.00103940043719405,0.00093396747665746,0.00099878135343521,0.00107591458060722,0.00136338531789968,0.00121302273471872,0.00119743680786833,0.00176669886586732,0.00115653911441504,0.00175313433763333
"148","EM05_S_Wi19_S55_maxbin.053",0.00163469644378531,0.00161831488338799,0.00169178822018132,0.00162898424515745,0.00128545557104962,0.00160366873861126,0.00142304344812542,0.00133058185603367,0.00127085816728248,0.0011889974321369,0.00126384672642397,0.00109520871682315,0.00115206089166678,0.00124995964741391,0.00157463179161185,0.0013992911318957,0.00138572981464035,0.0022897700597013,0.0014348067497398,0.00220071968561896
"149","EM05_S_Wi19_S55_maxbin.054",0.00130715407030025,0.00106123633833037,0.00087245775548245,0.00126019249886611,0.00064883650773348,0.00104641836507313,0.00080045747120738,0.00078263679951589,0,0.00057371809282352,0,0.00062326574164317,0.00094693245939383,0.0007933077027815,0.00107084029168703,0.00084291616029883,0.00090707868495447,0.00147242917869037,0.00081660839333967,0.00141709024366019
"150","EM05_S_Wi19_S55_maxbin.073",0.00206609961261028,0.00096856896313609,0.00065135550377511,0.0015043925666254,0.00042113975795584,0,0,0,0,0,0,0.00050689333454102,0,0.00066263956436719,0.00105968273533519,0.0007478169671133,0.00086660465650961,0.00201250382277217,0.00070178032276425,0.00168415682627551
"151","EM05_S_Wi19_S55_maxbin.181",0.0015719037181766,0.0011865088965873,0.0010102847508976,0.00146721615718281,0.00073680873015106,0.00119358933327423,0.00093476544357045,0.00087677202248757,0,0.00067080415663034,0.00078014214901788,0.000702830128503,0.00079473217699481,0.00086526899451009,0.00123349164697288,0.00097423997033877,0.00100919405375616,0.00168121858778435,0.00093286898725052,0.00157131075371829
"152","EM05_S_Wi19_S55_maxbin.268",0,0.00072737099119065,0.00057911328523977,0,0.00039500096593525,0,0,0,0,0,0,0.00038908259309508,0,0.00051378896370986,0.00075909178368545,0.00056457095529762,0.00062694124228626,0.00138826146365191,0.00055054772113934,0.00121964237984316
"153","EM05_S_Wi19_S55_metabat2.141",0.00160519865907089,0.00089997300343822,0.00062818522266037,0.00130469274227985,0.00042033572938767,0,0,0,0,0,0,0.00049043655505079,0,0.00065838270243282,0.00101766211892371,0.00070121000459336,0.0008057398631485,0.00160644803655878,0.0006549895684895,0.00139501202392112
"154","EM05_S_Wi19_S55_metabat2.163",0.00162318010043773,0.00180940714101278,0.00167149260218467,0.00171170679917681,0.00134911951903447,0.00168243828830661,0.00141648608387224,0.00131261284339229,0.00124851772368626,0.00117254196448716,0.00125707120070973,0.00119353746584565,0.00121759775194788,0.00138359194319356,0.00170663830435174,0.00142404171830904,0.00150077620286475,0.00207577348620527,0.00139873596931923,0.00202899748875155
"155","EM05_S_Wi19_S55_metabat2.173",0.00147716896620786,0.00191804144982317,0.00208274297261998,0.00174141983119878,0.00164969927011961,0.00191709765688624,0.00186342564614179,0.00167919041156923,0.00167778223590752,0.00159940944226938,0.00171027746276313,0.00144301656135035,0.00143667350799382,0.00156005010545366,0.00189813378196473,0.00178437796691817,0.00165455230357263,0.00197109153426477,0.00172853581575606,0.00203101557859795
"156","EM05_S_Wi19_S55_metabat2.185",0.00494543594874536,0.0064891116260239,0.00276031166032008,0.00811477198640908,0.00319285537611217,0.00753353302113773,0.00319533746579429,0.00334501985806939,0.00291940366451977,0.00206406361236872,0.00143697927918254,0.00161517276549003,0.00214562919687996,0.0029885024969766,0.00320149711986034,0.00189333994417437,0.00336612204813883,0.00425370822275449,0.0014773986892688,0.00399437259553773
"157","EM05_S_Wi19_S55_metabat2.204",0.00222966437173751,0.00110439121332406,0.0007733288069303,0.00169571552815249,0.00052048044795039,0.00114124253757282,0.00076205135657913,0.00075999451795052,0,0,0,0.00059956975341601,0.00075316281756316,0.00076670137720046,0.00121025233322742,0.00085370214932689,0.00098512970094263,0.00206578859445557,0.00082258748241444,0.00181264523241663
"158","EM05_S_Wi19_S55_metabat2.265",0.00175367614884432,0.00091607205303166,0.00064032377328615,0.00138456685222928,0.00042621680725963,0,0,0,0,0,0,0.00054898893660872,0,0.00063714323923244,0.00100083389949638,0.00099436988997102,0.000833434440677,0.00292389448686304,0.00067181087116164,0.0021758486015202
"159","EM05_S_Wi19_S55_metabat2.360",0.00239259163841075,0.00332411736841383,0.00288573245622084,0.0027128339949696,0.0023574686091557,0.00292813562805065,0.00252580573895556,0.00235063696920064,0.00231701822183036,0.0022005757949239,0.00227139708682974,0.00211438930053395,0.00204559297185179,0.00243777710116798,0.00292364662260984,0.00241547065932085,0.002510197484684,0.00316607777612472,0.00245280337372312,0.00309019542558089
"160","EM05_S_Wi19_S55_metabat2.368",0.00283489583449592,0.00401289507461404,0.00495173652676825,0.00348845060312151,0.00374265919638346,0.00409236770705292,0.00438873107861963,0.00400464600679668,0.00405542649918439,0.00395397694921695,0.00419774732227567,0.00334467920762722,0.00308716098445773,0.00331562633535884,0.0039690272312678,0.00406268683076463,0.00359992772303333,0.00370142991991543,0.00401981240573614,0.0040033471361305
"161","EM05_S_Wi19_S55_metabat2.38",0.00185834197752616,0.00230601826528277,0.00240792244704095,0.00221242398828873,0.0019046906269102,0.00221476265728481,0.00198565245619361,0.00186952977953615,0.00179034622793912,0.00169569692336182,0.00182638546804709,0.00157242501272314,0.00156941521453001,0.00178307415562728,0.00220761779063033,0.00195492322491057,0.00195058286692562,0.00373058900539306,0.00195129826766483,0.00368303257653353
"162","EM05_S_Wi19_S55_metabat2.60",0.00166071044624397,0.0022457962809447,0.00256902199359992,0.00202320805326767,0.00199508791867089,0.00222894452471581,0.00222823438034921,0.00200929651804238,0.00204111634680783,0.00193403114537317,0.00208598713387188,0.00172987029690633,0.0016272208521061,0.00182279790653853,0.00221957401821675,0.00211176975910226,0.00195778421024945,0.00233671119020547,0.00207138044929123,0.0024526045046942
"163","EM05_S_Wi19_S55_metabat2.75",0.00200231975757894,0.00256207642581334,0.00271195695826271,0.00235203719218225,0.00215415184688098,0.00244835495921801,0.00232140793814208,0.00214230068392866,0.00208870405086694,0.00199781606178041,0.00212012548123849,0.00181797640679553,0.00178588188726689,0.00201655893018071,0.00238567719992586,0.00223452082630381,0.00218151597259224,0.00261275816313203,0.00221544480398485,0.00273864221307502
"164","EN_LasArenas_S_Wi19_S59_maxbin.002",0.0033065624769906,0.00340736655324709,0.00314244443863161,0.00343579033765249,0.00306956854992905,0.00420497308211919,0.00282615003607643,0.00259036109624813,0.00253475204127383,0.00237624700930455,0.00234741337941218,0.00207573019596022,0.0022900156364938,0.00269712377668935,0.00291893438934333,0.00249223675856967,0.00273535907860067,0.00323521378023364,0.00247507494309328,0.00333605715417761
"165","EN_LasArenas_S_Wi19_S59_maxbin.003",0.00134280382898439,0.00131461379755504,0.00095203700551084,0.00151145693212951,0.0007917849331692,0.00172263034074653,0.00090407936880154,0.00083896783139544,0,0.00063821155053571,0,0.00064780563703675,0.00078110807611528,0.00089051708872703,0.001226262492417,0.0008393475881847,0.00097414693848676,0.00165536709608033,0.00080573694457219,0.0015731734511494
"166","EN_LasArenas_S_Wi19_S59_maxbin.027",0.00107060095416794,0.00133891595981017,0.00143907477234562,0.00128953565251595,0.0010870594482997,0.00135123988295404,0.00121297790037116,0.00107988098875564,0,0.00099732164299685,0.00106281723243345,0.00090285921635426,0.0008994741178802,0.00102505301744542,0.00128890882387103,0.00113846095191703,0.00112781009540639,0.00178041331811854,0.00116756622315108,0.00175894845297213
"167","EN15_06_02_2018_S56_maxbin.002",0.00520425351225886,0.00639904739786707,0.00182294451180304,0.00765462875930042,0.00265612674982737,0.0103472898706898,0.00266366352921635,0.0024887403975345,0.00230331679491055,0.00143833123944273,0.00120087348275521,0.00153589002652615,0.00214575310790176,0.00360847714610117,0.0052590780844546,0.00165863092359391,0.00316498671227741,0.00511008217332409,0.00164794658541029,0.00476347830300301
"168","EN15_06_02_2018_S56_maxbin.009",0.00156991705930664,0.00217596565729305,0.00231074469999942,0.00197423947843616,0.00186847016712095,0.0026061497702133,0.00201938233489341,0.00185928595098868,0.00186964569172867,0.00179255241322935,0.00188282980700428,0.00156823385613332,0.00150652563454374,0.00166226697869199,0.00210190101460589,0.0019001587288313,0.00179488248213889,0.00216003903584105,0.00190847852865379,0.00227295779753536
"169","EN15_06_02_2018_S56_maxbin.010",0.00364890417064116,0.00551012675967322,0.00322248106190415,0.00445563721972074,0.00296008808480045,0.00662849771327074,0.00272270750383673,0.00245102336709019,0.00249808663993662,0.00220645314423193,0.00216147792219251,0.00249078265513689,0.00232859149815173,0.00345412534475388,0.00447117808580547,0.00246859479019366,0.00338911793962233,0.00513841632131903,0.00293673052514218,0.00526634450272611
"170","EN15_06_02_2018_S56_maxbin.024",0.00130798137371175,0.00119234760770463,0.00098906889209839,0.00138244778478091,0.00074110912180048,0.0012721878980877,0.00087224029111851,0.00079249609384411,0,0.00062978070915723,0,0.00063297794757822,0.00071571021466535,0.0008287496211894,0.001204164940385,0.00087012480084376,0.00093148292905239,0.00171715432658042,0.0008900920020413,0.00165521901203338
"171","EN15_06_02_2018_S56_maxbin.025",0.00165565036160333,0.00108352066017409,0.00076188689746218,0.00143075784462846,0.00054737603935746,0.00113524007232841,0.0007146566375431,0.00067922002806139,0,0,0,0.00054351113522721,0.00067965416996077,0.00077809355407906,0.00118256011717375,0.00077030699870092,0.00090752519168348,0.00174864188614612,0.00074711217882302,0.001579343887834
"172","EN15_06_02_2018_S56_maxbin.033",0.00133726885775529,0.00119138891529279,0.00095906279357343,0.00139134507235102,0.00070761656595193,0.00124352848112923,0.0008408412608442,0.0007633540803804,0,0.00057534347579952,0,0.00059205411513247,0,0.00079503459359268,0.00111566983215453,0.00081153215263434,0.0008969714784569,0.00160713154475313,0.00081241572068939,0.00151343638245421
"173","EN15_06_02_2018_S56_maxbin.049",0.00291760368693614,0.00174492754899037,0.00071709942630965,0.00201450535839774,0.00051301753542595,0.00189394115059564,0.00077813833512685,0.00072009903470658,0,0.000441983297781,0,0.00075672806412755,0.00103807715188069,0.00130935467627685,0.00238270997694437,0.000897889531606,0.00157353666121976,0.00250554686536002,0.00079915032999537,0.0018397179605093
"174","EN15_06_02_2018_S56_maxbin.051",0.00241254943132223,0.00356335647160533,0.0038014105149668,0.00312496742457994,0.00299841087321609,0.00352952958126648,0.0032634632571311,0.00300231098474039,0.00300054178869607,0.00290536080218675,0.00302228074304623,0.00249386165995886,0.0023216943448277,0.00261661262918147,0.00327846124489002,0.00300870670567234,0.00282225437567933,0.00323583168295354,0.00304480533163865,0.00353295870553397
"175","EN15_06_02_2018_S56_maxbin.164",0.00164594920071353,0.00219364650982856,0.00249198488700079,0.00197904685926165,0.00193071513420037,0.00222926746638144,0.00215231696522413,0.00197905906425435,0.00194877116846581,0.00189867044361672,0.00201915245054664,0.00167084397485342,0.00159935095620688,0.00175946775062916,0.00216435428316265,0.00208283846197342,0.00192285954687082,0.00234727063010168,0.00203423582584576,0.00245248843812641
"176","EN15_S_Wi19_S60_maxbin.018",0.00321287638605323,0.00460362076714109,0.00577225154667791,0.00401232155552176,0.00433426841889307,0.00469127116170931,0.00507680493553603,0.00459405083162974,0.00468742573564738,0.0045443066533168,0.0048532314258182,0.00382452444358954,0.00347752103912321,0.0037994465271679,0.00454264055077722,0.0046551569616983,0.0041292947286281,0.00428592480614667,0.00458191078903383,0.00467949800597113
"177","EN17_S_Wi19_S61_maxbin.001",0.00862558774436306,0.00279098134669978,0.00268313795370065,0.00338053538751308,0.00156804513507071,0.00286475444972333,0.00181865402901199,0.00148440227134308,0.00161782352497237,0.00146054664658297,0.00135300442111094,0.00176107184413953,0.0021722759489013,0.00211071828681768,0.00265660020339748,0.00202685918841752,0.00268961631439729,0.0267298073374821,0.00226299395650874,0.0189175757287908
"178","EN20_20_06_02_2018_S57_maxbin.006",0.00292252590329202,0.00589767060942077,0.00238439749846709,0.00496015650937526,0.00241405781393913,0.00538287170018029,0.00257766548678435,0.00216254581569253,0.00189482723483706,0.00151319340471778,0.00150061234774958,0.00140814840886249,0.00149062934776952,0.00233999771589915,0.00325091961595003,0.00165678097068009,0.00220011195066851,0.00344680544219374,0.00188489950587266,0.00363320894046779
"179","EN20_20_06_02_2018_S57_metabat2.10",0.00150035632525149,0.00085179388921315,0.00061653433979086,0.001206808565843,0.0004099169495775,0,0,0,0,0,0,0.00042586437862221,0,0.0005709923810385,0.00089347433726636,0.00063085068687997,0.00072005184569661,0.00150656907767732,0.00061748481953457,0.0013452272108148
"180","EN20_20_06_02_2018_S57_metabat2.149",0.0016388865901688,0.00222937792065931,0.00191169019157151,0.00207273646271669,0.00150449931586652,0.00228421866122975,0.00169265712202307,0.00151661515658909,0.00142149096829918,0.00133115116458911,0.00139683400691796,0.00118064546231368,0.00120035135451511,0.00139939693913057,0.00186090373331185,0.00150696482754448,0.00151301450246443,0.00215401061576007,0.00152563675005974,0.00225217318193692
"181","EN20_20_06_02_2018_S57_metabat2.156",0.00137503061863216,0.00150566302016419,0.00137546065442731,0.00158331000986657,0.00116748750677389,0.00163408731664289,0.0012228948428989,0.00112178007324867,0,0.00095616014509295,0.0009926507406315,0.0008780102231175,0.00096986952015853,0.00113483728026495,0.00138396970055029,0.00115169841651634,0.00121541494632565,0.00180639191209188,0.00113305806407833,0.00179699862428409
"182","EN20_20_06_02_2018_S57_metabat2.16",0.00293788725379642,0.00405129629873967,0.00349171780734208,0.00395564712360341,0.00351916292484961,0.00649255439497808,0.00332351084864856,0.00291543385758492,0.00296294996510825,0.00275810965473872,0.00279958532135477,0.00259046152695403,0.00242563349966346,0.00316016661165288,0.00393761485666423,0.00291622140962527,0.0031706504239667,0.00379655145472944,0.00303433787618996,0.0043814402668132
"183","EN20_20_06_02_2018_S57_metabat2.176",0.00228478357475311,0.00314946971787196,0.0037328020653767,0.00279132260074171,0.00282853032992073,0.00313992410324135,0.00327343213780954,0.00296757614094774,0.00298522223229496,0.00289152309990951,0.00308045658013858,0.00247945579898612,0.00235634241044033,0.00256534754832866,0.00310016391282037,0.00307333619233306,0.00278783177128769,0.00305727060317595,0.00301762776351084,0.00331375155359526
"184","EN20_20_06_02_2018_S57_metabat2.221",0.00290377687853191,0.00411312499462602,0.00502570989005473,0.00357203238909741,0.00382147881491132,0.0041096354189711,0.00440456966123434,0.00404798141922752,0.00411189584668207,0.00400045196803115,0.0042642087755749,0.00340010608386665,0.00312431618562443,0.00340707794382858,0.00405318669565337,0.00415002802512182,0.00369353620810038,0.0037339074311401,0.00405399467244918,0.00408759346095424
"185","EN20_20_06_02_2018_S57_metabat2.8",0.00246629338726537,0.00345520476323879,0.00423693590260343,0.00309240241924631,0.00328407915462671,0.00363715855352329,0.00369507905230172,0.00341872959633217,0.00349236419737207,0.00344364810661448,0.00359208927658752,0.00289113044922785,0.00267877141775751,0.00283713342171306,0.00339159328070777,0.00347936612354301,0.00312691751676482,0.00343673917724474,0.00338037642947849,0.0036354553415004
"186","EN20_20_06_02_2018_S57_metabat2.90",0.00269766129407449,0.0038472239504777,0.00464548193366303,0.00333797847607043,0.00354519719379435,0.00389146567772513,0.00417051244278129,0.00376845009637555,0.00385120875093364,0.0036964506800203,0.00396117129818845,0.00317765357018514,0.00291836143795862,0.00316841930090268,0.00379505532550061,0.00382257579093034,0.00341256647913384,0.00363995180085371,0.00377192285201268,0.00390782756932154
"187","EO10_S_Wi20_S115_concoct.126",0.00355557402600489,0.00401318795602785,0.00295709071537372,0.00420736596403811,0.00376714372291264,0.00430589283120067,0.0035637176162397,0.00362950823563518,0.00372671018083465,0.00353425203808102,0.00331609124520137,0.00336554366946281,0.00401880647539412,0.00453890937090563,0.00369034181483451,0.00344953413363213,0.00406642279041277,0.00272474529399033,0.00356507706845973,0.00293086615099848
"188","EO10_S_Wi20_S115_concoct.2",0.0179659978700796,0.00916243311104473,0.00409124241325867,0.00925937669817337,0.00477995302785129,0.00450990716058065,0.00499348911258146,0.00533621778243124,0.0043030604675768,0.00282907103803999,0.00377004860632406,0.0039662793307933,0.00675506588459418,0.00845650473169886,0.00494426903325051,0.00500517912017401,0.00828032092697552,0.00431093465885233,0.00470293415646627,0.00435667981809101
"189","EO10_S_Wi20_S115_concoct.39",0.00245863129643307,0.00318213922535728,0.00360403902126752,0.00294657221386492,0.00285892735664133,0.00316069038177539,0.00406954636001767,0.00584211806692449,0.00625264134227589,0.00533276403647947,0.00504432309048915,0.00338086967554132,0.00323146270315715,0.00267057821841238,0.00313629216981275,0.00406767727438465,0.00299372926367518,0.00309530470332437,0.0029667238225272,0.0032535955791333
"190","EO10_S_Wi20_S115_concoct.72",0.0054039391997747,0.00684869336031408,0.00818500254866698,0.00620727669692053,0.00807416245116413,0.00699274872909753,0.00703289842589803,0.00653326455486835,0.00693343108144996,0.00731315576283634,0.00708962815152636,0.00641656026790718,0.00603781778288831,0.00691214341686327,0.00605519323050572,0.00673580763674802,0.00691111644390204,0.00483862705001421,0.00675212176962095,0.00540591580771593
"191","EO10_S_Wi20_S115_concoct.97",0.00245746688101491,0.00335076440678574,0.00374096718475985,0.00299978418285534,0.00298768262343529,0.00330580738738283,0.00334609628415419,0.00311577310370822,0.00313569701229764,0.00303679529590182,0.00316852199712233,0.00260206484839352,0.00246618364892418,0.00268755552390671,0.00315973851043017,0.00316601528279282,0.00289912707278576,0.00290175574742592,0.00301947099431843,0.00319724546162561
"192","EOI10_S_Su17_S65_concoct.102",0.0011523229265583,0.00143330434025502,0.00151744877822811,0.00138438703390374,0.0011722325641197,0.00142236833038202,0.0012987496558805,0.00118582691033874,0,0.00109224223866704,0.0011839898697628,0.00099891490959106,0.00099713892124468,0.0011197466772232,0.00140801505675738,0.00126799755473411,0.00122420280228318,0.00174426254063842,0.00126275310685021,0.00174862682609191
"193","EOI10_S_Su17_S65_concoct.110",0.0012536192905925,0.00157271431172853,0.00170015871324272,0.00148822251528781,0.00129476774290069,0.0015550703633858,0.00142039180877374,0.00129910095452468,0.0012453760136073,0.00119569145735511,0.00128040383092148,0.00107132190142385,0.00105238704144248,0.00120631243356092,0.00151012681620431,0.00137741136271354,0.00132588282468602,0.00194912984156554,0.00137873050198654,0.00191919740926675
"194","EOI10_S_Su17_S65_concoct.14",0.00287271965796495,0.00411049727353018,0.00511170064486438,0.00361270447786056,0.00386422273962527,0.0041309443620183,0.00426227625076931,0.00389934799040934,0.00399985827061753,0.00394722988546086,0.00409025285749746,0.00337079454413221,0.00310142007202847,0.00333299391911498,0.00396493632189199,0.00400752215872288,0.0036809174285295,0.0044101528673555,0.00408700693019157,0.00464645876230843
"195","EOI10_S_Su17_S65_concoct.156",0,0.00100121830651161,0.00099045084475878,0.00104487335789293,0.00074826974204148,0,0.00084320551310056,0.00078772592083867,0,0.00068680125243335,0,0.00064416590985541,0,0.00075708144036768,0.00099144147225718,0.0008660430060264,0.00084566753420088,0.00156941207874874,0.00083446238097538,0.00146644131580152
"196","EOI10_S_Su17_S65_concoct.274",0.00113914260609197,0.00097953154790968,0.00086301251771202,0.00115598734671237,0.00062424058349917,0,0.0007500351094464,0,0,0.00053972440712612,0,0.00055129955736125,0,0.00070750899539789,0.00097611150946477,0.00076825448787707,0.00079666171391019,0.00145643280849298,0.00075099190568738,0.00137286734752289
"197","EOI10_S_Su18_S66_concoct.85",0,0.00084946400692161,0.00069836682704746,0.00105533541435934,0.00050861308326274,0,0,0,0,0,0,0.00047254776757179,0,0.00060735392025278,0.00084429591880374,0.0006633105385267,0.00071511311903069,0.00141809359886681,0.00063567346104853,0.00127817611280725
"198","EOI10_S_Wi17_S68_concoct.130",0.00181434650246634,0.00236107218523827,0.00258480564282589,0.00217255587462893,0.00197394908759372,0.00229262257200286,0.00223480520226087,0.0021617673352297,0.00211866727992296,0.00197101069826598,0.00207732813702156,0.00170868980325652,0.00170107655752107,0.00182859855295085,0.00223301553589018,0.00214217954610461,0.00200677500462075,0.00267975738706665,0.00209041642900542,0.00276450034074368
"199","EOI10_S_Wi17_S68_concoct.62",0.00205633888787385,0.00274100963398964,0.00314205813150066,0.00248404903222408,0.00252845005016125,0.0029068027180227,0.00273614864064011,0.00253226769595426,0.00255870897498136,0.00246802673722467,0.00260200520781766,0.00215057726649974,0.00203561874574922,0.00226178620696422,0.00270359968227837,0.00261215180128694,0.00244620066000568,0.00282430673731611,0.00260609502252984,0.00302104756088755
"200","EOI10_S_Wi18_S69_concoct.111",0.00122618059713415,0.00132241676060495,0.00129019211775556,0.00133879916123371,0.00098417645802589,0.00129188213280678,0.00110127726224815,0.00101877666862316,0,0.0008669498795912,0.00095298247381178,0.00084163382470153,0.0008899638705636,0.00100700693808175,0.00128287996295033,0.00110144277544182,0.00110156604905854,0.00162212243568432,0.00108056169451884,0.00161977709486865
"201","EOI10_S_Wi18_S69_concoct.86",0.00111353346287822,0.00127151217649235,0.00120686849255188,0.00133096805066632,0.00094113075144181,0.00123379490064099,0.00099155586118337,0.00091179943441669,0,0.00078364410319118,0.00083448802549955,0.00072474698128384,0.00079974728843666,0.00091381037284557,0.0011431556295233,0.00096017999570332,0.00099818161355078,0.00165201174557663,0.00097857761871481,0.00165240950207839
"202","EOI15_CoA6s_concoct.120",0.00224309025642105,0.00309535812789832,0.00377322070411825,0.00273968149031958,0.00290140522841692,0.00314371172849093,0.00331485469046047,0.003042739109023,0.00308113378882666,0.00300322131356048,0.00320188300786092,0.00256875462337888,0.00240180946669252,0.0025662213506548,0.00309210859697522,0.0031659544845457,0.00282221696675139,0.00342677829725876,0.00308603565290494,0.00349575026828254
"203","EOI15_CoA6s_concoct.134",0.00135151398739599,0.00166060072478686,0.00175833637770366,0.00159761354214103,0.0013607907893082,0.00163465854244622,0.00152459590029435,0.00139508968347018,0.0013281710419296,0.00125995757438864,0.00136794543055879,0.00114935066389259,0.00114042429454711,0.00129045272647215,0.00162553145240955,0.00146857814427483,0.00140999477282992,0.0018750199339993,0.0014685283592925,0.00194822561764044
"204","EOI15_CoA6s_concoct.178",0.0010688730716322,0.00132496145301339,0.00141993618115067,0.00128056380106446,0.00107290514487123,0.00132871563021011,0.00117363789033095,0.00104543264830915,0,0.00095744681952443,0.00103444458106665,0.00088081980384814,0.0008699707660821,0.00100413776943111,0.00126942577065877,0.0011135039839539,0.00110611528643645,0.00170237241803286,0.00113729577876207,0.00169630056751917
"205","EOI15_CoA6s_concoct.219",0.00154943493587949,0.00199923468620644,0.00232171286695605,0.00186270661706545,0.00172346557356265,0.00200811337660035,0.00191396771497655,0.00173665751455418,0.00172251487017087,0.00165280775387316,0.00175428784974982,0.00148680065685116,0.00140500022363189,0.00157067603779916,0.00194363663415199,0.001840672631381,0.0017268943742428,0.00265200912610664,0.00185958242061472,0.0026673656231587
"206","EOI15_CoA6s_concoct.56",0.0025937472129861,0.00374578692108732,0.00460050509812727,0.00328008521014489,0.00347748225486416,0.00376120911904857,0.00390963363034233,0.00353039564255913,0.00359440678392729,0.00353787459634533,0.00370371246673816,0.00297721233996228,0.00274608077096564,0.00299057103209581,0.00359855373863836,0.00360883052844164,0.00331310249927362,0.00367765160389158,0.00363760786954723,0.00397726484610224
"207","EOI15_CoA6s_concoct.70",0.00129056621055121,0.0015254283489551,0.00161581606325509,0.00149265230184996,0.00122219424346465,0.00152481430904955,0.00137788879839895,0.00123828844028727,0,0.00112655569057402,0.00120094297764383,0.00101440797433273,0.00101182845064791,0.00115822699435251,0.00146453149525791,0.00130141647497984,0.00127231052773647,0.00188406303101617,0.00130925057606621,0.00188750816864234
"208","EOI15_CoA6s_maxbin.002",0.00128524569415744,0.00134213488773914,0.0009840994364081,0.00147525071815509,0.00081778567433957,0.00146546256979044,0.00090683212082833,0.00083993200049315,0,0.00064281267635569,0,0.00063375129980218,0.00073557398415309,0.00090025866072058,0.00116917542849831,0.00084196975008488,0.00097950367874824,0.0015586986967673,0.00082748610463587,0.00151594715174803
"209","EOI15_CoA6s_maxbin.013",0,0.00094762830701012,0.00079544389551646,0.00109381975386227,0.00058976254715038,0,0,0,0,0.00048038702032971,0,0.00048886197175022,0,0.00065904715419014,0.00091290603516408,0.00068325252982713,0.00075195686041236,0.0013525939629364,0.00069961860624148,0.00131713457541651
"210","EOI15_CoA6s_maxbin.019",0.00344917400545484,0.00492990738951375,0.00622610388267037,0.00423883728504388,0.00466019570971382,0.00501568760065421,0.00547560281864494,0.00499889911578069,0.00510891881431471,0.00497660666212757,0.00529155228638404,0.00416823659872618,0.00378060338774582,0.00409560099446091,0.00488307446861326,0.0050586606782418,0.00448925746156231,0.00444178676528124,0.00495522885719167,0.00487864796991241
"211","EOI15_CoA6s_maxbin.023",0.00236000737198023,0.00290313637599046,0.00269767553034191,0.00268402794346856,0.00225001384685517,0.00314208419438237,0.00238161624053651,0.00216601633395849,0.00210075644974451,0.00202587704082884,0.00204607218580252,0.00173850255472255,0.00175239535379413,0.00201294302420655,0.00247461516563895,0.00214883220430115,0.00217167867150972,0.00372564284886273,0.00216762889182431,0.00353737607438789
"212","EOI15_CoA6s_maxbin.030",0.00159667590657423,0.00218052797721883,0.00243579320874358,0.00194225060451267,0.00189068766102845,0.00217369462318402,0.00212890905050144,0.00193367666909609,0.00192191276366342,0.00184161283215065,0.00199388441630416,0.00161300304016972,0.00156936479450881,0.00173776953282818,0.00210546961294283,0.00202403515733745,0.00186256361860717,0.00238409627154121,0.00197943026925557,0.00240859475766764
"213","EOI15_CoA6s_maxbin.032",0.00138046226673349,0.00166779949446537,0.00153656531638233,0.00165815097132182,0.00118184639023758,0.00161144904845376,0.00133390739815316,0.00122034395193463,0,0.00102813311439926,0.00111576131236465,0.00094958017027067,0.00098351588988075,0.00113744098998107,0.00145159007763228,0.0012299582764484,0.00125889035540691,0.00184148843974571,0.00123452334357321,0.00187123999084866
"214","EOI15_CoA6s_maxbin.047",0.00228792605960346,0.00324185966167924,0.00386314008309035,0.00287785254916627,0.00295813492446421,0.00321829536459675,0.0032427169848857,0.00296481053027839,0.00296776365440964,0.00291005559458716,0.00304211224065082,0.00248196918477846,0.00229895014064409,0.00255237056150043,0.00308524192190138,0.00302351107884595,0.00280716657569066,0.00317808002954379,0.0030596381911186,0.00346614826461488
"215","EOI15_CoA6s_maxbin.057",0.00169446187671273,0.00206696632639247,0.00199839823858211,0.0021932447047806,0.00179909080228439,0.00220390056126178,0.0017229231856739,0.00156569422372461,0.00150608018018696,0.0013757432499903,0.00140289774471577,0.00121759430650397,0.00138007516254653,0.00160441053908793,0.00178787336212416,0.00157439516595356,0.00168770833518672,0.00442792344009492,0.0015200068571775,0.00366876765338803
"216","EOI15_CoA6s_maxbin.086",0.00133474159528937,0.00173281165621127,0.00194025816280914,0.00160881902299507,0.00148348177175238,0.00174815869755604,0.00164380416956434,0.00150242527056062,0.00147123291147283,0.00139984639144569,0.00152317291294385,0.00125552470076009,0.00122607030175244,0.00136304347764396,0.00168569842420644,0.00155462709088894,0.00150900102328275,0.00221648829118626,0.0015735538863623,0.00221271582921251
"217","EOI15_CoA6s_maxbin.100",0.00128924274997991,0.00148690547107504,0.00139514564570349,0.00150797716899708,0.00106387424265536,0.00140847732102259,0.00120538543791266,0.00107064202636881,0,0.00092478291840013,0.00098990152042783,0.00084900792419472,0.00088520544286604,0.00102950099640563,0.00133294555602711,0.00112076688080658,0.0011389174919405,0.00170173370511773,0.00112523761091126,0.00175173819461412
"218","EOI15_CoA6s_maxbin.115",0.00151691682373694,0.00083042799238855,0.00058540734431701,0.00124395632614694,0.00039413551231519,0,0,0,0,0,0,0.00050915305851641,0,0.00059410168736769,0.00090594472618519,0.00060702366383928,0.0010131145094037,0.00163374127459616,0.00058220907917778,0.00135456443428752
"219","EOI15_CoA6s_metabat2.114",0.00181378925097827,0.00240627123868121,0.00280065470487565,0.00218880699472479,0.0021346891493155,0.00242379722684322,0.00236415312629072,0.00216270389793211,0.00214249787522393,0.00210110469519094,0.00221431741337067,0.00180927273622598,0.00175579675717874,0.00191801702082598,0.00233749759489238,0.00226299948523271,0.00209547263267319,0.00294790088796255,0.00224095557600831,0.0029378222497232
"220","EOI15_CoA6s_metabat2.116",0.0017431453732034,0.00234036002527658,0.00259509156751742,0.00215304712602638,0.00202426492997485,0.00231891940363305,0.0022032896490909,0.00202239633257731,0.00198295709393299,0.00191066636307068,0.00203108526815777,0.00167391014825475,0.00162056403421645,0.00182167272264561,0.00222809179949503,0.0020826004938343,0.00197329819144961,0.00235371765526362,0.00209813391174842,0.00253163361718018
"221","EOI15_CoA6s_metabat2.122",0.00295502458768806,0.0042343578270728,0.00522607616394961,0.00369264803083084,0.00397914293461596,0.00423930673920062,0.00447056836150612,0.00405630244411501,0.00416408536928743,0.00409275633331115,0.00426294810756938,0.00342061798544263,0.00312577072684203,0.0033975422030619,0.00407730301512551,0.00414042617695367,0.00375375616506622,0.00407986332017021,0.00414329532110508,0.00464222670771028
"222","EOI15_CoA6s_metabat2.15",0.00153789760306943,0.00206551225989256,0.00238759045289465,0.00188916444260935,0.0018099239420006,0.00207130419737444,0.00205214091910801,0.00185055941367279,0.00185488715625732,0.00176571164714407,0.00191107527700144,0.00154547055849563,0.00147383566101194,0.00164898823343098,0.00200985895949749,0.00192189718958753,0.00179742292243493,0.00229012730138608,0.00192458135669735,0.00236455347955875
"223","EOI15_CoA6s_metabat2.16",0.00189225604509478,0.00250400348546084,0.00289431457511121,0.0022686702747462,0.00225261357325314,0.00250917289575356,0.00254850021754219,0.00232372424672429,0.00228950923660154,0.00225539014404322,0.00239786675892044,0.00194148061756768,0.00186392619774592,0.00203911509651036,0.00248765970746084,0.00242637812609658,0.00222624271031292,0.00243320726509415,0.0023715833441508,0.00260292831106721
"224","EOI15_CoA6s_metabat2.24",0.00225115920549468,0.00315736109278791,0.00392176138500976,0.00282537493925632,0.00293700164413179,0.00320606416436949,0.00330046040297931,0.00302656215906987,0.00304940909232849,0.00299290312977724,0.00316193022468965,0.00252659179038576,0.00234397025396594,0.00253855295471287,0.00308017791324492,0.00309052214684307,0.00282630217755238,0.00337633598480586,0.00307949432122807,0.00354992916652488
"225","EOI15_CoA6s_metabat2.62",0.00125878844547563,0.00172986833486298,0.00198394715002582,0.00157144469921304,0.00155199094569533,0.00178076987146777,0.00171753414443714,0.00157532100128283,0.00158456872603497,0.00152059724494966,0.00162623250733314,0.00133183455325264,0.00126208199975656,0.0013811382579965,0.00170166929451256,0.00162739249923208,0.00150444530169067,0.00170139796730136,0.0016072173567662,0.00180467596508649
"226","EOI15_S_Su17_S71_concoct.31",0,0.00123307372631786,0.00130982500777573,0.00116958586105318,0.0009951951648815,0.00121992984912973,0.0011048781471535,0.00101343776410547,0,0.00091217836212851,0.0009906293039168,0.00082742111413866,0.00083625558545259,0.00094986593041676,0.00119460830264219,0.00106570530454246,0.00103871530923571,0.00149815335468716,0.00107243281181252,0.00151259243568615
"227","EOI15_S_Su17_S71_concoct.67",0.00172517277114888,0.00226746418321469,0.00264867590946466,0.00205538788684839,0.00204534034219813,0.00229806261720363,0.00228113138922129,0.00209994027767988,0.00206558447885206,0.00201578482603794,0.00217742457418985,0.00176754706508761,0.00168692251166116,0.00183663528867601,0.00226290904848156,0.0022012979091571,0.00201533709769819,0.00253330297016285,0.00215087436938627,0.00258504862843606
"228","EOI15_S_Su17_S71_concoct.68",0.00149241731094554,0.00094406512936954,0.0007358079453186,0.00130574144607602,0.00050526684549659,0,0,0,0,0,0,0.0005106089064984,0,0.00066126524458281,0.00096617190850007,0.00073186146462801,0.0008021967700615,0.00176154380699256,0.00071006938168581,0.0016633870458753
"229","EOI15_S_Su17_S71_concoct.7",0.00179069412687911,0.00244668692732656,0.00290359466137304,0.00219539858024042,0.00215785090784837,0.00243473091752122,0.00241535290814438,0.00215942360860853,0.00220308154251941,0.0021247911052773,0.00223832523145997,0.00185139135621818,0.00173976357240756,0.00190975916987467,0.00232359407400798,0.00226585211048838,0.0021150499716256,0.00292951521387567,0.00229383359851973,0.0029948198104835
"230","EOI15_S_Su17_S71_concoct.76",0.0031581950881922,0.00135008915764613,0.0009154236151575,0.0022349803755158,0.00059591519680463,0.00140960618113059,0.00090147465101805,0.00089480503026619,0,0.00053959733018592,0,0.0007308513420075,0.00089459899839115,0.00089463036151046,0.00151939441913329,0.00104032759370981,0.00120574168339212,0.00290600889777537,0.00097269135356327,0.00237457236781761
"231","EOI15_S_Wi15_S72_concoct.58",0,0.00104221550010317,0.00097969678554549,0.00112403802105636,0.00072275567996316,0,0.00084578349580358,0.00078439777601112,0,0.00064407165578709,0,0.0006350950962418,0,0.00077275544974963,0.00102955638441344,0.00085375463531366,0.00086999434181797,0.00157745308482608,0.00084387652726738,0.00149796040424564
"232","EOI15_S_Wi17_S74_concoct.0",0.00136922034811402,0.00115204381009993,0.00103588615240153,0.00131187416096759,0.00076363701080274,0.00114352280819083,0.00088049383101053,0.00081523435154488,0,0.00066378298422376,0,0.00065954853145007,0,0.00082012455204534,0.00109376422395564,0.00088378630946742,0.00091985489376375,0.00159516301452222,0.00088189582725959,0.00153311263273456
"233","EOI15_S_Wi17_S74_concoct.142",0.00232474694908437,0.00327901332655311,0.00401131093979372,0.00289394533779057,0.00303433982320309,0.00329521176130559,0.003400765017797,0.00309942083823153,0.00315808988009586,0.00307256756887398,0.00326279707008354,0.00263491864655139,0.00243560864249369,0.0026532380520058,0.00319677418250175,0.00322282221998627,0.00292924001280881,0.00358618679389577,0.00318936153570294,0.00373700981665765
"234","EOI15_S_Wi17_S74_concoct.62",0.0015014282246163,0.00189232299455888,0.00206033564335237,0.0017674368129317,0.00158894809139653,0.00187731166482636,0.00178124546331875,0.00160749173126496,0.00158274841946469,0.00150433351945255,0.00162501356035959,0.00135626447014675,0.00132203694352417,0.00148990905089138,0.00185376519862647,0.00169158131734777,0.00161314320779993,0.00201313119679887,0.00169048252348058,0.00209514074806107
"235","EOI15_S_Wi19_S76_concoct.133",0.00125478817251829,0.00153301674519563,0.00167896278554218,0.00148566108161046,0.00129744368038616,0.00153078047924962,0.00143579617162648,0.00129697164972533,0.00125156253274196,0.0012141961590551,0.00130624375959848,0.00108782482398942,0.00107876492488109,0.00119763249620021,0.00151050454901757,0.0013836310708925,0.00132746132557433,0.0018672774741843,0.00136346613019142,0.00188871610579934
"236","EOI15_S_Wi2016_S73_maxbin.030",0.0029550339579838,0.00423204731814165,0.00523401298510187,0.00369356442266302,0.00401293101977159,0.00428476723938484,0.00453557305749401,0.00413255077767165,0.00423211762115943,0.00417697983318058,0.00436599935775228,0.00350836452961694,0.00320007356617226,0.00344165296452404,0.00411986126888955,0.00421968880422484,0.00379271803112165,0.00394638486038435,0.00420851474035014,0.00433545844419913
"237","EOI15_S_Wi2016_S73_metabat2.102",0.00219298122560407,0.00299399515523096,0.00351220989443868,0.00267301722831675,0.00273273053656882,0.00297907602906978,0.00303659957768869,0.00277066366706185,0.00279521853483987,0.00272030513049938,0.00288899620396494,0.00232416115383181,0.00219230912202087,0.00239954699249147,0.00289913546810458,0.00287382555694439,0.00262637374722844,0.00284806277575917,0.00283691497033923,0.00308550876016262
"238","EOI15_S_Wi2016_S73_metabat2.127",0.00231843605489879,0.00305163242307537,0.00337656323238514,0.00277849363409731,0.00267760845104622,0.00303643483347859,0.00299147676974345,0.00282788433408589,0.0027657497896741,0.0026953727720017,0.00282419997712557,0.00229646008248519,0.00227147925045807,0.00242326601643152,0.00288822994446643,0.00285377804743617,0.00262143280720096,0.00297450712275997,0.00274497894120981,0.00316444332969044
"239","EOI15_S_Wi2016_S73_metabat2.132",0.0018844516507044,0.00255930472749912,0.00294881286781846,0.00233038218020985,0.00224903034420652,0.00256862651382385,0.00248140537897126,0.00222775424240465,0.00224596293601307,0.00216566997047997,0.00228028062416545,0.00187930244825473,0.00177122784286343,0.00198362546463389,0.00244763540422359,0.002304928640119,0.00218833668007434,0.00266624196565699,0.00235369283513368,0.00287153088987549
"240","EOI15_S_Wi2016_S73_metabat2.177",0.00214360023553232,0.00298418666921227,0.00349146109024428,0.00266885791315169,0.00275754491770024,0.00305622191153366,0.00303972277579674,0.00274939050362676,0.00284934768164179,0.00277808904987422,0.00289682981722265,0.00237362495794311,0.00217392911444483,0.00240846466977928,0.00288674280549079,0.00281440643256318,0.00265244792586936,0.00299650149813761,0.00284062323037169,0.00318627973569847
"241","EOI15_S_Wi2016_S73_metabat2.195",0.0021832885916834,0.00298522985015657,0.0035931896451746,0.00264400616939243,0.00278078658781711,0.00299638313719116,0.00313382545273438,0.0028739342538709,0.0029012929024765,0.00282225212404786,0.00300939948739081,0.0024240285653255,0.0022677985889106,0.00247425290168375,0.00295671800984949,0.00297408115396512,0.0027006459003613,0.00300873402437083,0.00292000788740562,0.00320766932565156
"242","EOI15_S_Wi2016_S73_metabat2.207",0.00153718421121989,0.00206246574574707,0.00231606802742055,0.00184222673878369,0.00178167805217926,0.00204497727301761,0.00199546615324768,0.00182597547125785,0.00180452799027319,0.00172640022749979,0.00188171987693662,0.00153556888358895,0.00147744283155881,0.00164136124965967,0.002003595119428,0.0019002729630378,0.00179417882020444,0.00230411081878972,0.00187516308021829,0.00234729873593884
"243","EOI15_S_Wi2016_S73_metabat2.232",0.00202286881615205,0.00279696488661177,0.00334126699967561,0.00245592561219207,0.00259501094459524,0.00285551223062651,0.00293577933629098,0.00267669375105265,0.00270838395624782,0.00263155898486325,0.00276817284848802,0.00226206222479619,0.00212839815463547,0.00227963832031095,0.00275034615534628,0.00275486214929044,0.00262152570603866,0.00298478869319039,0.00271750902138089,0.00306445648238608
"244","EOI15_S_Wi2016_S73_metabat2.94",0.00189041887367631,0.00249767870676766,0.00288006668145338,0.00225946414392542,0.00221523332681795,0.0025067168545147,0.00243843189125908,0.00221195662354465,0.00222399673208038,0.00215443063401151,0.00229794744786618,0.00190310770013899,0.00180458809710129,0.0019871856979704,0.00242303399476005,0.00232776372550834,0.00216470673843645,0.0027148463109953,0.00234790511448448,0.00283136006469416
"245","EOI15_S_Wi2018_S75_metabat2.129",0.00191412044331621,0.00262196352777888,0.003074171142212,0.00237953323759839,0.00232960016997784,0.00261105974696587,0.00255955201917664,0.00232214458426109,0.00234008700901326,0.00226801246691865,0.00239979059553149,0.00197610239963081,0.0018774292141806,0.00205774371075811,0.0025036962619684,0.00241400200166387,0.00226927014748217,0.00354685765929036,0.00245981469613679,0.00344469103621566
"246","EOI15_S_Wi2018_S75_metabat2.189",0.00161503949983595,0.00209840804336114,0.00217791036901588,0.00197395776190614,0.00175059228649711,0.00202803958565873,0.00185205197216217,0.00172282034745146,0.00166512131000825,0.00159496191265854,0.00166805526631751,0.00139331553679674,0.001401116888878,0.00158733372001071,0.00190207142820385,0.00175756593993843,0.0017019512857121,0.00217833253143496,0.00177579041867213,0.00230040970323684
"247","EOI15_S_Wi2018_S75_metabat2.220",0.00207660727485502,0.0029178598257556,0.00343064149423937,0.00260286524508742,0.00261506731664309,0.00293857428188971,0.00291449490790336,0.00265636735772663,0.00267546504997101,0.00257742440429525,0.00272737055280962,0.00222488881287363,0.00209034494233364,0.00230908716809655,0.0027995698959079,0.0027021432767336,0.00253550855236916,0.00299568907345179,0.00276899062042193,0.00324031405361915
"248","EOI15_S_Wi2018_S75_metabat2.283",0.00255318507675661,0.00361970649066061,0.00440631822265459,0.00320766326708357,0.00342144014934847,0.00368939049148945,0.00386352252560229,0.00351545604239571,0.00355876830535027,0.00350675181746568,0.00367548404663565,0.00297236570865623,0.00275047938305738,0.00297142229262761,0.00355373400214611,0.00359780680876762,0.00324577690349126,0.00356552360401941,0.0035800443916572,0.00378441305241671
"249","EOI15_S_Wi2018_S75_metabat2.319",0,0.00088327003419432,0.0008321347367551,0,0.00061855933243847,0,0,0,0,0.00054006122143715,0,0.00051712919825826,0,0.00064483823009695,0.00085289877328663,0.00071103455009089,0.00072820094420965,0.00125536809050885,0.00070330178605076,0.00125486684820411
"250","EOI15_TS_05_S81_maxbin.002",0.00271910103049267,0.00368548954183494,0.00419423143966627,0.00330457676364653,0.00331255367771056,0.00366845613780282,0.00374490708421209,0.00350750288183931,0.00350978357293095,0.00341072920247064,0.00356692742764299,0.00288014053403079,0.00276863555629689,0.0029587617113981,0.00350183642803611,0.00352392815127067,0.00321568578534284,0.00343155690503776,0.00343012083918375,0.0037023686230309
"251","EOI15_TS_05_S81_maxbin.120",0,0.00065552018529281,0.00050810736319891,0,0.00035396579333366,0,0,0,0,0,0,0.00033406975355955,0,0.00044685071141366,0.00065634573379992,0.00049343223255534,0.00053626165805774,0.00131967319455333,0.00047474294229918,0.00114166020489686
"252","EOI15_TS_06_S82_maxbin.007",0.00246048817670692,0.00356691590839297,0.00438035247233089,0.00315979778789117,0.00336324266412287,0.00374728683009924,0.00379789331015045,0.00339844734672589,0.0035041120654502,0.00343469014577706,0.00356591118162545,0.00292390314851821,0.00266760070927311,0.00291279340774514,0.003460655353029,0.00345316350399338,0.00321150109796765,0.00383184287786551,0.00350774680954775,0.00406086294819685
"253","EOI15_TS_06_S82_maxbin.008",0.00157077822072011,0.00211205455326512,0.00236360257992465,0.00194509392772209,0.00181614922984918,0.0021024301841975,0.00202292683581444,0.00183854914037652,0.00180095844025891,0.00172978385107008,0.00187113336840962,0.00154072536332267,0.00148701667685669,0.00166548895299223,0.00205716983014818,0.00190983301241105,0.00181346867154568,0.0022507797577618,0.00194197631302152,0.00237477628893217
"254","EOI15_TS_08_S84_maxbin.031",0,0.00075089070691068,0.00058935421339202,0,0.00041430414339062,0,0,0,0,0,0,0.00040907743130979,0,0.00052127534139149,0.00075814386334869,0.00057516345865408,0.00064288159174256,0.0012446434496782,0.00055146015350824,0.00113767992121364
"255","EOI15_TS_08_S84_metabat2.109",0.00177081107769338,0.00235159383709569,0.00274998973839712,0.00216243663901482,0.00208404594059702,0.0024279018594421,0.00234322676774487,0.00210533760965844,0.00211669005713151,0.00204445881823657,0.00214736844152899,0.00178305646397756,0.00168596159009049,0.00188046081585371,0.002299301015379,0.00217922624550747,0.00206070648962668,0.00256298818006347,0.00218226815486367,0.00266913201752339
"256","EOI15_TS_08_S84_metabat2.138",0.0029132204187573,0.00410174337349527,0.0050359547021188,0.0035951375042107,0.00384471601891172,0.00422823422380661,0.00449981023125973,0.00414532992056084,0.00418631487029985,0.00408449094343076,0.00437191952700256,0.00345390640776482,0.00321199087294026,0.00341091737829192,0.00410734745541532,0.00422688603422077,0.00370423703193606,0.00388859361424418,0.00407901257141938,0.00414304743191164
"257","EOI15_TS_08_S84_metabat2.139",0.00140226735098284,0.00098726985198911,0.00077443788163056,0.00129809025763539,0.0005642808963173,0,0.00070766721636592,0,0,0.00047034029980191,0,0.00050304147788475,0,0.00067625040143669,0.00096108491037311,0.00073207729840528,0.00081976253743655,0.00159369693626827,0.00069853786841335,0.00145081057378775
"258","EOI15_TS_08_S84_metabat2.232",0.00133142669699729,0.00137634355852559,0.00120594715288647,0.00150561119303013,0.00091620309045617,0.00136909781048778,0.00108474014304785,0.000962234462733,0,0.00079387456436805,0.00087352128917575,0.00074946612340308,0.0008086862234373,0.00094331640155823,0.00123614302625537,0.00101609552609701,0.00106236844440891,0.00173752510653407,0.00101232834300438,0.00168542309844926
"259","EOI15_TS_08_S84_metabat2.306",0.002282128969968,0.00316366427793968,0.00382872521417344,0.00281691271722889,0.00295105919233699,0.0032230166300903,0.00334967427902434,0.00305889464993489,0.00310139155537332,0.00303264744709366,0.00322335909733556,0.00258282629554106,0.00239511735478803,0.00261093341682469,0.00313097247932031,0.00317268409052375,0.00284773718151781,0.00312402810868906,0.0031062246605023,0.00335623076076449
"260","EOI15_TS_08_S84_metabat2.353",0.00240604988184893,0.00340189639217883,0.00408006167317751,0.0029726602302375,0.00309597286852427,0.0034564835073766,0.0035811724396066,0.00328497097715784,0.00331136990730126,0.00318910963150595,0.00341321419279202,0.00271655060775607,0.0025317113037317,0.00276092730084775,0.00332942440041578,0.00331808642341437,0.0030064236716287,0.00332077222994741,0.00329067883284861,0.0035680135246027
"261","EOI15_TS_08_S84_metabat2.375",0.00148126775220782,0.00197119957849641,0.00217348922694386,0.00182940389641168,0.0016652273828755,0.00195855421641948,0.00181991262047425,0.00167768849772951,0.00164448010907058,0.00155324648209397,0.0016619034474385,0.00138127441014435,0.00135517428015315,0.00152564143232032,0.00189227168593326,0.0017416156623025,0.00165861793703466,0.00227336682350743,0.00176878559965366,0.00235067512647677
"262","EOI15_TS_08_S84_metabat2.386",0.00130578594465255,0.00076020749886737,0.00056898709352621,0,0.00039440877484157,0,0,0,0,0,0,0.00040685925754748,0,0.00052371491570327,0.00077997135600283,0.00058574014496657,0.00065204416046157,0.00141007969940274,0.00055022926553248,0.00127240104672749
"263","EOI15_TS_09_S85_maxbin.054",0.00141276832908328,0.0016321765379567,0.00146198284204828,0.00159996374032147,0.001227224302843,0.00152267033627738,0.00124743272030344,0.00115296303779041,0,0.00097316131528541,0.00104702059541024,0.00090944874059819,0.00099247506928385,0.00117897978283959,0.00141270668464662,0.00117015930551858,0.00122535393734394,0.00175931060624702,0.00125664678005259,0.00183855427750293
"264","EOI15_TS_18_S121_maxbin.019",0.001256093860762,0.00089740294622198,0.00069542913088254,0.00118327527066842,0.00048627484470636,0,0,0,0,0,0,0.00044592825273934,0,0.00060593636283892,0.00090305948681809,0.00064106184748096,0.00073015256798,0.00270944206337253,0.00064464549689984,0.0021000847413075
"265","EOI15_TS_20_S123_maxbin.001",0.00122840079500844,0.00113057925208048,0.00094721250498774,0.00128155693660378,0.000737046391349,0,0.00085627067657009,0,0,0.00063022291470086,0,0.00064169248375187,0,0.00083011432143916,0.00105711341264955,0.00082961521377977,0.00093197507467347,0.00167757200126638,0.00085986747282677,0.00156550046032886
"266","EOI15_TS_20_S123_maxbin.002",0.00185252283646138,0.00252460603538979,0.00277766895693674,0.00226443504628381,0.00223348296334814,0.00253862241907284,0.0024499652247361,0.0022500663740181,0.00221510806786153,0.00212755080752518,0.00229865188565134,0.00191007705587915,0.00183352093872014,0.00206373487088051,0.00245924180261862,0.00234186464396334,0.00217212103208255,0.00263569457336014,0.00229445955030819,0.00268548241751738
"267","EOI15_TS_20_S123_maxbin.035",0.00126149980301866,0.00172840179885324,0.00197654185641444,0.00155667274660163,0.00153575884538024,0.00175293463533157,0.0017105015566188,0.00155951201508359,0.00157046273110636,0.00150557936988628,0.00160633630447464,0.00130916472125555,0.00125068543249538,0.0013907660714517,0.00169845332302745,0.00162155741121409,0.00149543374034409,0.00171681602750925,0.00160384194411332,0.00181556965229684
"268","EOI20_S_Su18_S89_metabat2.104",0.00184248600034361,0.0022575421030028,0.0010685906981238,0.00266082681222032,0.00102189944699944,0.00176180831424188,0.00138088601119523,0.00121581199593927,0.00089140010388109,0.00067015992128665,0.00074046969503322,0.00061575092542836,0.0007824812959502,0.00110063349986731,0.00155102829546061,0.00085975893720303,0.00105188605753827,0.00198535852387908,0.00101657111588438,0.00208917282440442
"269","EOI20_S_Su18_S89_metabat2.14",0,0.00091134446648048,0.0007849003822152,0,0.00053053833364885,0,0,0,0,0,0,0.00059838929845919,0,0.00065393683507776,0.00083776678754287,0.00072295703885241,0.00075954572905548,0.00171846563567728,0.00065788279653957,0.00154215305166521
"270","EOI20_S_Su18_S89_metabat2.5",0.0010368101059884,0.00097269554972691,0.00080300136268722,0.00111611300497895,0.00059969219150444,0,0.00071029830875688,0,0,0.00047746265040451,0,0.00048400651214084,0,0.00065542058963755,0.00091223678613382,0.00068576955350856,0.00073491796661315,0.00138358069047023,0.00068734829523043,0.00132825338047379
"271","EOI20_S_Su18_S89_metabat2.81",0.00196129910154423,0.00305049830594963,0.00267671926841903,0.00272297350642338,0.00235017607897463,0.00325153634175679,0.00237752186810093,0.00215742023934595,0.00208962861991666,0.0020049605226602,0.00204348439737523,0.00174867947968593,0.00176425891740317,0.00206692711512078,0.00238329578271131,0.00215492190872826,0.00224987954142837,0.00286754605424574,0.00210498824942784,0.00292037952654073
"272","EOI20_S_Wi20_S92_maxbin.005",0.00199974292624853,0.00293927271134285,0.00272021339693822,0.002639256744252,0.00220088640616624,0.00274498401941641,0.0024211870434118,0.0022107762761558,0.00219086513536343,0.00210876229739284,0.00221070229348197,0.00187397036749146,0.00183216968215203,0.0020743621439277,0.00247875755196671,0.00230603903935497,0.00227613549628493,0.00245910075070495,0.00221175503045543,0.00263957967405317
"273","EOI20_S_Wi20_S92_maxbin.011",0.00214329164045905,0.00327191787132556,0.00257425428591736,0.00286981259053019,0.00221546779793269,0.00542110707452832,0.0023463004008161,0.00206934639318185,0.00211268037190681,0.00193335555719921,0.00200956956629539,0.0018334852695537,0.00173960772870568,0.0022651004215407,0.0030787900303959,0.00214498768889276,0.00229451182160601,0.00285228697859345,0.00214028121173859,0.00287418865335374
"274","EOI20_S_Wi20_S92_metabat2.113",0.00121355075030864,0.00130374728883401,0.00122160716109544,0.00134096929888576,0.00098077943413529,0.00128909250641883,0.00104552747009315,0.00097827477262873,0,0.00084217268494417,0.00091442001014175,0.00081939121825017,0.00086080803494191,0.00096715877005371,0.00121309006102215,0.00104818814208155,0.00107013887104894,0.00172936564242235,0.00102288109529851,0.00167421372324961
"275","EOI20_S_Wi20_S92_metabat2.23",0.00196884031556139,0.00263563193535866,0.00294966524436682,0.00240336880194594,0.00228106707368874,0.0025872774574477,0.00252811456848894,0.00239049775389011,0.00233987103983309,0.0022655244891998,0.0023732245401574,0.00193260888755565,0.00188395364131762,0.00205895111318215,0.00248977060307537,0.00241313348920404,0.00224667683841146,0.00295093450751205,0.00238093272746554,0.00308310228985563
"276","EOI20_S_Wi20_S92_metabat2.57",0.00253607928952732,0.00360312216424072,0.00435174528305691,0.00313984594645105,0.00336944609990156,0.00374292606475074,0.00381348106363943,0.0035036983029916,0.00349500607778899,0.00347640590293361,0.00370969348543578,0.0029749191256216,0.00274396106743808,0.00297490375973985,0.00354717628609386,0.00359454864020421,0.00323315014334908,0.00346061487431037,0.00351158983438084,0.00367442363557154
"277","EOI20_S_Wi20_S92_metabat2.60",0.00244078506843385,0.00344381401807646,0.00388880497234297,0.00301349770895565,0.00315251249941487,0.00344110198918677,0.00346808334962487,0.00315836715351865,0.0032246957018628,0.00311402600420791,0.00329630902962442,0.00275179716205541,0.00258308529464918,0.00287540995218556,0.0033385581535387,0.0032797424414136,0.00300830596418594,0.00315309808384353,0.00322998439168381,0.00337489872045375
"278","EOI20_S_Wi20_S92_metabat2.62",0.0021870660702422,0.00359190130854646,0.00275485012247619,0.0030852984016735,0.00241056499185022,0.00503322675968671,0.00252802685339347,0.00222616994021114,0.00225019179788102,0.00205427630385221,0.00215704844390808,0.00186822174807598,0.00178246069784367,0.00225107617910524,0.00306949571589168,0.0022367978156557,0.0022968969525029,0.0029614143083919,0.00225519217049456,0.00305222083834665
"279","EOI20_S_Wi20_S92_metabat2.7",0.00154174576489248,0.00122532581159183,0.00099153119745754,0.00159986627096934,0.00080228585762162,0.00135053094272614,0.00093392379920581,0.00086791312029434,0,0.00063584408525821,0,0.00061704557645467,0.00077096750213973,0.00088097102455734,0.00108126194170788,0.00088966027511453,0.00104813456554856,0.00161201374995274,0.00079781863939393,0.00154233006826773
"280","EOK05_S_Wi19_S94_concoct.130",0.0013434143037523,0.00111769326062236,0.00100352786215377,0.00130022956632302,0.00072821132834039,0.00111395011909344,0.0008822789233215,0.00081698724165301,0,0.00064516854761783,0,0.00065153890134292,0.0007326064221327,0.00083005781086295,0.00113263375027655,0.00090957390973251,0.00095273353817721,0.00165812148549743,0.00089484628501915,0.00157281690350398
"281","EOK05_S_Wi19_S94_concoct.67",0.00131352087391712,0.00089747289713078,0.00070279679791413,0.00117370313672131,0.00049406100836083,0,0,0,0,0,0,0.00048943066460207,0,0.00064384416682926,0.00094306885298138,0.00070001857269365,0.00076735633911893,0.00142268013921573,0.00068781069867282,0.00131734908232505
"282","EOK05_S_Wi19_S94_concoct.69",0.00150528460106529,0.00178928919881464,0.0019131243970552,0.00174994267314277,0.00146221275338007,0.00175960886518357,0.0016414941084149,0.00156017682215401,0.00151366048458029,0.00142153124991118,0.00152246100453347,0.00128074723488018,0.00131291198920289,0.00141689591165228,0.00175606882851049,0.00164445032618615,0.0015539199805448,0.00215532739420311,0.00158243472413919,0.00216938196375922
"283","EOK05_S_Wi19_S94_concoct.98",0.00344705538158645,0.00495231661934984,0.00614503906479281,0.00425944390462378,0.00472179653519474,0.00500499702551583,0.00549971756083212,0.00504106001362648,0.00518042813434906,0.00509676083208043,0.00535049130206468,0.00425417459169041,0.00384613417470618,0.00412115309278595,0.00487173129357364,0.00509987429000798,0.00451843268445846,0.00430960467393924,0.00494706799945892,0.0047440399187823
"284","EOK05_S_Wi20_S125_concoct.105",0.00359125080237511,0.00519514602896916,0.00646572475851793,0.00447767975627385,0.00496976935804978,0.00526183576734633,0.0057827029804816,0.00532233239527431,0.00543037432723156,0.00537458315999831,0.00566196576618913,0.00448077354857114,0.00403657418528849,0.00432219432770744,0.00509392026869663,0.00534924827528136,0.00473598399312076,0.004497803542082,0.00521045490308904,0.00497504507641287
"285","EOK05_S_Wi20_S125_concoct.111",0.0012463555310324,0.00075116056535146,0.00056498190893629,0,0.00037384680650834,0,0,0,0,0,0,0.00037932427982681,0,0.00049876883130067,0.00077010882450116,0.0005578270997304,0.00062728958175354,0.00145737612397086,0.00054799715577828,0.00124013449059257
"286","EOK05_S_Wi20_S125_concoct.113",0.0014491670867408,0.00098114717059548,0.00079072054721366,0.00127832456639565,0.00055965278742138,0,0,0,0,0.00048190550975001,0,0.00054132911461804,0,0.00069811134690523,0.00101349151271681,0.00076617594780367,0.00082826087946597,0.00170114701769067,0.00075151585051773,0.00151914710400472
"287","EOK05_S_Wi20_S125_concoct.119",0.00231598822130649,0.0031313811731919,0.00354122953620116,0.00281273852388796,0.00273326902261193,0.00307734348332875,0.00302849329101514,0.0028174833512449,0.00278036299142982,0.00270506896135523,0.00281108933110308,0.00232986877703706,0.00224267184774045,0.00245159001549962,0.00294010294781959,0.00285128873920567,0.00269172355930784,0.00326579847080347,0.00280582199699837,0.00343914795240507
"288","EOK05_S_Wi20_S125_concoct.138",0.00117185065412931,0.00081729008641843,0.00066947992033938,0.00102528035729447,0.00047611037832839,0,0,0,0,0,0,0.00044323962333864,0,0.00057228622520396,0.00083432984953861,0.00063579800174343,0.00068405722463084,0.00138612428328154,0.00061247542883648,0.00124458009661191
"289","EOK05_S_Wi20_S125_concoct.59",0.00254279716689152,0.00113669816220772,0.00075013274043031,0.0018624620959751,0.0004753070196777,0.00118550093669986,0.00073907823236732,0.00072680752132758,0,0,0,0.00057465903354013,0.00075172836796007,0.00075166188841062,0.00123764843517,0.00086554450789865,0.00101185392205463,0.00235237913283454,0.00079103731436901,0.00196493055372756
"290","EOK05_S_Wi20_S125_concoct.72",0,0.00074447775965896,0.00060383944248042,0,0.00041969902068302,0,0,0,0,0,0,0.00039451017679972,0,0.00051658781255689,0.00075040589950644,0.00055928160279548,0.00061354694446519,0.0013118446392255,0.00055526912584143,0.00119048299311503
"291","EOK05_S_Wi20_S125_concoct.79",0.00118103551172345,0.00093307164454232,0.00080859948160551,0.00112711309780521,0.00058190329868993,0,0,0,0,0.0005018777525211,0,0.00052238364713954,0,0.00067442228764795,0.00093368914901528,0.00073361345161629,0.00077544439873124,0.00140376359171259,0.00071962163480097,0.00130886367581877
"292","EOK05_S_Wi20_S125_metabat2.5",0.00179781448967996,0.00087020280905553,0.00059395047252197,0.00135688012395917,0.000385801675178,0,0,0,0,0,0,0.00044568216825156,0,0.00059200754484621,0.00093491413504471,0.00066082659764145,0.0007623520221327,0.00187655615328306,0.00060887938247962,0.00159669126343739
"293","EOK10_S_Wi19_S95_concoct.21",0.00379807415650461,0.00502891529756241,0.00493090720245093,0.00445577146930763,0.00465516654355876,0.00505177360391651,0.00462954145824099,0.00441233049179943,0.00444829140184167,0.00439056609052729,0.0043385291458624,0.0037947661273704,0.00387870833497717,0.0041897252917487,0.00446023339492127,0.00424650035621827,0.00425010654965166,0.0039431024522829,0.00438131476827274,0.00422854091916226
"294","EOK10_S_Wi19_S95_metabat2.67",0.00311035754200157,0.00175963585286308,0.00072437209854209,0.00229364519596148,0.00050335435872106,0.00175806265035158,0.00072310600438969,0.00069425325135413,0,0,0,0.00070763404797711,0.00100287519177761,0.00145526645883077,0.00245128705658413,0.00086301442209381,0.00146353377583361,0.00280557716141318,0.00083458859501565,0.00209642547622718
"295","EU05_S_Wi19_S96_concoct.157",0.00148032431959769,0.00165027210814108,0.00171711909301812,0.00164883768303439,0.0013117693550838,0.0016401099968487,0.00149140492872217,0.00138679205607978,0.00133361767061052,0.00124059311929605,0.00134520150368831,0.0011483537804578,0.00116816737645362,0.00128128091917909,0.00163462238916412,0.00147696796988692,0.00142126617633892,0.00210257104140012,0.00146994338969915,0.00209911995053493
"296","EU05_S_Wi19_S96_concoct.27",0.00243398773096172,0.00331828528742612,0.00393269128122561,0.00299994438274898,0.00298282189367287,0.00332771726610089,0.00337593518730587,0.00312028159592462,0.00313734686002489,0.00304533685196219,0.00320971044580342,0.00257627762453889,0.00244276962239834,0.0026582219764664,0.00322351981623018,0.00320674060863683,0.00292725765136934,0.00355702370645751,0.00316177612039251,0.00373054946499761
"297","EU05_S_Wi19_S96_concoct.57",0.00229938515044402,0.00306909262611377,0.00358450199755841,0.00277440992082591,0.00275680784897831,0.00301974271195768,0.00312189980448107,0.00289715232596676,0.00287192501420511,0.00279009979660416,0.00297806955288332,0.00237511025743097,0.00229824983710724,0.00248162407957271,0.00300589540655786,0.00300109220020692,0.00271890083371122,0.003072890682356,0.00288639797968723,0.00322017036887276
"298","EU08_S_Wi18_S98_concoct.106",0.00257263421878062,0.00345471480274279,0.00388337507417091,0.00309287554523888,0.00308869265206433,0.00337496338292328,0.00336562866358871,0.00312430908067242,0.00310352665662487,0.00303317143126957,0.0031878801342242,0.00264478919007262,0.00253236924681135,0.00278607330063103,0.0032530587314437,0.00319755627343133,0.00300157734501478,0.00351694967358182,0.00312683470272256,0.00376893114012885
"299","EU08_S_Wi18_S98_concoct.112",0.00132403721930259,0.00080707272213108,0.00060413840896038,0.00112205770124805,0.00041090836363247,0,0,0,0,0,0,0.00042136873492255,0,0.00056607475427644,0.00085908359769453,0.00061954446910068,0.00068979145214928,0.00154640141881124,0.00059209077743337,0.00135681898210695
"300","EU08_S_Wi18_S98_concoct.34",0.00204235465850107,0.00093165386127467,0.00063292662641661,0.00149572897021763,0.00040772296986095,0,0,0,0,0,0,0.00047636159461368,0,0.00062955553802064,0.00101520431341563,0.00073141056012808,0.00084492481111084,0.00190674160826133,0.00065909525822892,0.00162199608850115
"301","EU08_S_Wi18_S98_concoct.66",0.00109460093649306,0.00128545105078168,0.00132068745654743,0.00125852309833302,0.00101065800853524,0.00126456375647923,0.00112973023685207,0.00103686164138116,0,0.00092063046464502,0.00100628598721113,0.00086284212571974,0.00090136230947709,0.00098829040732071,0.00126035320115312,0.00111110703681052,0.00109715481945061,0.00180368178435926,0.00111400853562413,0.00172315202485868
"302","EU08_S_Wi18_S98_concoct.7",0.00123158632075058,0.00105060836220835,0.00092283771861763,0.00124437312267367,0.00065663673965484,0,0.00078550571223935,0.000727777092397,0,0.00056456430743369,0,0.00058217084741696,0,0.00074016242187931,0.00102542399668078,0.00079330488564652,0.00086148455889142,0.00259193115966757,0.00078556184701457,0.00210597255489375
"303","EU08_S_Wi18_S98_concoct.70",0.00155150274151061,0.00157999501521065,0.00162336741089651,0.00164322861073252,0.00121956051077984,0.00157355078155871,0.00137392269427078,0.00127298159278906,0,0.00113058730529578,0.0012244387867943,0.00105662238320325,0.00109146859299485,0.00121405129888822,0.00158756865999834,0.00135980252789564,0.00135768552598387,0.00218239158669428,0.00139422737016022,0.00212427064040359
"304","EU08_S_Wi18_S98_concoct.88",0.00210089745523943,0.0010758133473886,0.00078273749803788,0.00150464366179346,0.00053659132510413,0.00108194424544651,0.00076402086086649,0.00079709632015677,0,0.00051254555302107,0,0.00058812884416423,0.00077393250496207,0.00075543137176331,0.0011833089170702,0.0008497665552944,0.00094700744710059,0.00193550476643486,0.00077834852794151,0.00166137182249093
"305","EU08_S_Wi18_S98_metabat2.74",0.00347554545346192,0.0013385606396069,0.00080463046476022,0.002267615308276,0.00052909099290382,0.00137476990659968,0.00086012488387272,0.00092466464430298,0,0.00049512742284519,0,0.00072011687573333,0.0009597463258115,0.00091659316678986,0.00152591430595099,0.00105767805972677,0.00124571636499727,0.00261769578214637,0.00094839274214605,0.00218527282462996
"306","EU10_S_Wi19_S100_concoct.53",0.00257905458925485,0.00354718868764063,0.00437598733437261,0.00316382451428896,0.00330654770808156,0.00352087160518299,0.00375634158800963,0.00347060675224916,0.00351252880493574,0.0034394662269218,0.00363216014383481,0.00287199326102423,0.00269562415705507,0.00287633671222844,0.00347474899318535,0.0035676926769912,0.00319502795185525,0.0041721712098702,0.00344787854044046,0.00424892020697196
"307","EUR05_S_Wi19_S101_concoct.10",0.00159792521687185,0.00196441768582092,0.00189987476346256,0.00179052012978733,0.00148199378934746,0.00184566809076233,0.00171270542843178,0.00165259620657812,0.00173199951666696,0.00158252979695342,0.00164264971834874,0.00141050184867331,0.00142747330561061,0.00150306257461458,0.00181714576977219,0.001777287608841,0.00163958343280069,0.00197160511921115,0.00156331392931253,0.00201578511034777
"308","EUR05_S_Wi19_S101_concoct.102",0.00146279237131783,0.00172821375256232,0.00174633795103769,0.00169490854281355,0.00137597839258398,0.00171547493355563,0.00150976225631104,0.0014103767662923,0.0013447313163239,0.00126173727207614,0.00133858090307688,0.00114365987522528,0.00121381300361422,0.0013353596636326,0.0016522060498905,0.00148272304646172,0.00145779518394024,0.00195659629949637,0.00146077266910267,0.00204447336638251
"309","EUR05_S_Wi19_S101_concoct.119",0.00310872711054159,0.00440219438803812,0.00553832997986078,0.00383496331906426,0.00421699011440551,0.00450364301112942,0.00480375204887132,0.00433456861193638,0.004504682309048,0.0044259709475197,0.00464778109898453,0.00377680106620993,0.00347352846099005,0.00367882912655675,0.00435624338357033,0.00449941536440006,0.0040597025882504,0.00480227377332666,0.00447517381523426,0.00496586284304497
"310","EUR05_S_Wi19_S101_concoct.121",0.00155355036977156,0.0019098342617607,0.00199508232519036,0.00181897509093831,0.00154888141210216,0.00185384167349034,0.00173355128134207,0.0016548516126189,0.00159711133218537,0.0014864976781317,0.00158226887200105,0.00133341078069067,0.00139873286220901,0.00149624554225145,0.00185507061131145,0.00169856100361573,0.00163709393099485,0.00227737812203667,0.00163388705790181,0.00230323719144052
"311","EUR05_S_Wi19_S101_concoct.129",0.00310529680144022,0.0044776403969274,0.00315644622490195,0.00416520207864122,0.00438145198238786,0.00338725760176129,0.00334446286085589,0.00326136969647996,0.003304248626512,0.0030661469338039,0.00281449690015408,0.00236602997215588,0.00317517333312764,0.00484549097800113,0.00247774976169671,0.00304541649728862,0.00411338720550607,0.0026700707747819,0.00243042928555355,0.00290166520057091
"312","EUR05_S_Wi19_S101_concoct.145",0.00139037666432017,0.00085948012548568,0.00063492257816967,0.00117943279144851,0.00044656858101122,0,0,0,0,0,0,0.00045995996521272,0,0.00060778026339005,0.0009099064566315,0.00067458469473036,0.00074213084435643,0.00158145664623145,0.00064365396999759,0.00138647280839078
"313","EUR05_S_Wi19_S101_concoct.54",0.00203152340870987,0.00265898823967304,0.00294495282785483,0.00242118818557941,0.00231041232998034,0.00260976453457132,0.00262311031727185,0.00250435428307455,0.00250137571512449,0.00235673509793209,0.00247777021661876,0.00204270247665239,0.00201820802488373,0.00216074335267786,0.00260192540394053,0.00255526577887361,0.00235600679953228,0.00270499001558021,0.00241643991041001,0.0028587215762641
