"","...1","EOI15_S_2019.08.21","EOI15_S_2019.09.13","EOI15_S_2019.10.23","EOI15_S_2019.11.08","EOI15_S_2019.11.28","EOI15_S_2020.01.20","EOI15_S_2020.02.07","EOI15_S_2020.03.26","EOI15_S_2020.04.23","EOI15_S_2020.05.15","EOI15_S_2020.06.09","EOI15_S_2020.07.02","EOI15_S_2020.07.15","EOI15_S_2020.07.28","EOI15_S_2020.08.14","EOI15_S_2020.09.01","EOI15_S_2020.09.23","EOI15_S_2020.10.09","EOI15_S_2020.10.22","EOI15_S_2020.11.05","EOI15_S_2020.12.02"
"1","EA10_S_Wi19_S29_maxbin.005",0.00177749841472971,0.00168714553449252,0.00198947888853825,0.00196927732387824,0.00195700480387238,0.00136870158784008,0.00227633069493431,0.00172354720894774,0.00120717717589249,0.00218798100404104,0.00138080172601739,0.00227790857529566,0.00130012141149031,0.00214090789959775,0.00225462914328207,0.00174487029858205,0.00140163076450456,0.00176203432880744,0.0015763809490958,0.00161784617862175,0.00211799608552284
"2","EA10_S_Wi19_S29_maxbin.022",0.00104733084181886,0.00101500864609166,0.00275318618087408,0.00154901981162133,0.00103537119898252,0.0003958970592216,0.00222870624455837,0.00127645797929223,0.00128942797008064,0.00149723882506842,0.00188781596700096,0.00219060248123057,0.00053762292501477,0.00192515430512296,0.00129621923125173,0.00087514118233567,0.00080960650022254,0.00123940846977065,0.00089720464459095,0.00067216654494827,0
"3","EA10_S_Wi19_S29_maxbin.108",0.0009398874459226,0.0009409334543292,0.00247814376108148,0.00144655088710229,0.0009432354728454,0.00035682095358651,0.00200954596226495,0.00125137384734297,0.0012507178548522,0.00131131971643835,0.00173949442326944,0.00200232604633293,0.00050744326398716,0.00173251251433017,0.00117502270333621,0.00079789149426983,0.00075506446764487,0.00114817411476906,0.00082826012812597,0.0006158902626012,0
"4","EA10_S_Wi19_S29_metabat2.216",0.00095619770121669,0.00092946449324058,0.00236603606116897,0.00134444254771303,0.00092061913328828,0.00039082870704552,0.0019291744866238,0.00117594591633274,0.00115558077523487,0.00135194860581258,0.00166977611437493,0.00193202667122387,0.00052083617378735,0.00171620496368682,0.00120909004098317,0.00082700977099848,0.00076365415515785,0.00114620896104497,0.00083445165304927,0.00064665237249909,0
"5","EA10_S_Wi20_S106_concoct.39",0.00118292531142619,0.00110776281924173,0.00159726127259197,0.00114578616721823,0.00111290535873487,0.00078889997874024,0.00146156540004065,0.00101331223705472,0.00097520972206074,0.00138286976243878,0.00117856915884714,0.00151704422355388,0.00077994099541104,0.00143337068985047,0.00127013393505555,0.00101507405257949,0.000929715816836,0.00118207843925298,0.00104377968286081,0.00090332863278071,0.00079978397379162
"6","EA10_S_Wi20_S106_concoct.41",0.00273743106098803,0.00372979857441538,0.00389990537029153,0.00406267957218121,0.00289698882111424,0.00195926236955974,0.00481026540777311,0.00501706291236011,0.00293186264769621,0.00379169523124268,0.00340096970092394,0.00499118127347536,0.00257576156082269,0.00551904617837884,0.00450126954994938,0.00343130884080551,0.00245263036591176,0.00396109590673928,0.00265391886871785,0.00291234995423775,0.00283872266773471
"7","EB05_S_Wi20_S107_concoct.69",0.00182760629871115,0.0018317873485579,0.00194964916400889,0.00177652838596307,0.00166638005909331,0.00139299432798276,0.00227871721766267,0.0020492765056633,0.00160998085261328,0.00240310727776547,0.00186273900514479,0.00231139321566393,0.00161967981171668,0.00223575834843398,0.00239193202633376,0.00203792084250812,0.00174238217749009,0.00219123455980862,0.00186293789043725,0.0019383131690701,0.0019977930689197
"8","EB07_S_Wi20_S108_concoct.26",0.00089109744780972,0.00086882731135479,0.00212886696131751,0.00126005735606046,0.00086695537564415,0.00037463480921752,0.00179605307000916,0.0011030195370229,0.00105745605763096,0.00121419851263855,0.00149821289390348,0.00178144730613252,0.00049979421560419,0.00159876542499973,0.00112566026357276,0.00077573939342564,0.00071427268360951,0.00107397783765291,0.0007915872992159,0.00061537771889976,0
"9","EB07_S_Wi20_S108_concoct.28",0.00162877940940763,0.00149546907477812,0.00173140033042276,0.00145346122267192,0.00157922335510155,0.00129291845579436,0.00172402810877396,0.00135322438682511,0.00122609005689722,0.0019624541982503,0.00137971468789648,0.00178780956515627,0.00122543371452855,0.00177938948335777,0.00171784842161292,0.00143064257413154,0.00128823211092528,0.00155839495605471,0.00145496090870011,0.00134589275829404,0.00137268175621565
"10","EB07_S_Wi20_S108_concoct.82",0.00080463131499607,0.0007874995387448,0.00155097863523494,0.00098496327412091,0.0007901170813171,0.00042413050350135,0.00133775485028726,0.00086008302054036,0.00085300097590575,0.00104792877299864,0.00112424792263266,0.00134698473164037,0.00050122687474436,0.00123188257691032,0.00094644555356734,0.00069815262292076,0.00063929167797475,0.00090228654228877,0.00071556922229504,0.00057938644530827,0
"11","EB10_S_Wi19_S32_maxbin.001",0.0008413444931682,0.00080745934327613,0.00160264565440364,0.00101420432519651,0.00082281640711818,0.00041827966511341,0.00137273202330367,0.00093869544108331,0.00088157446875055,0.00140439653312924,0.00113722804307361,0.00139945300061293,0.00049862366437126,0.00124152987500917,0.0009417223497089,0.00071877326363378,0.0006393387001818,0.00088284785529861,0.00070158025208496,0.00058007209110659,0
"12","EB10_S_Wi19_S32_maxbin.017",0.00089316795725008,0.00087549595251038,0.00208280658934095,0.00122572910979313,0.00086263678094452,0.000383674646085,0.00174067918699102,0.00108684711818841,0.00106283339350883,0.00125487554947836,0.00148032060490395,0.00174987599285004,0.00050962610563806,0.00155354991297083,0.00111107471493506,0.00077477519613521,0.00071192394184024,0.0010651073807044,0.00079205213301368,0.00061238818344388,0
"13","EB10_S_Wi19_S32_maxbin.032",0.00095814152929631,0.00096964165106044,0.00188609014511923,0.00119391490554795,0.00090813799994976,0.00047447124297905,0.00165836956379641,0.00111910029084021,0.00110108694019438,0.00123709321495196,0.00143383534402096,0.00165342404752008,0.00060800315496431,0.00154390151235863,0.00118703081469583,0.00088439209292534,0.00079209463043273,0.00113444221383565,0.00086327493240302,0.00071747343657449,0
"14","EBI05_S_Wi19_S33_maxbin.007",0.00247107344691708,0.00206057133906409,0.002166713255404,0.00236091634166786,0.00290206313702156,0.00194691803677108,0.00206256159033906,0.001651727835265,0.00157271463198954,0.00281865941384272,0.00154523207627884,0.00214319901752025,0.00159626616227735,0.00207107317250395,0.00205724312218938,0.00180544943274632,0.00161809277693266,0.00184027448803589,0.00184655785192926,0.00172573790627351,0.001899812671059
"15","EBI05_S_Wi19_S33_maxbin.019",0.00080417876804802,0.00078173921086275,0.00148215696967451,0.00098997720428975,0.00081367265319793,0.00042297849711842,0.00127265113575752,0.00084929592146476,0.00084545274805357,0.00105340073246207,0.00105815083369943,0.0012981817741627,0.00048880442712633,0.00116297114349953,0.00088648711295551,0.00066288454297944,0.00060487810103896,0.00085901083872481,0.00067500085642296,0.00055600763610202,0
"16","EBI05_S_Wi19_S33_maxbin.020",0.0012320780887409,0.00112046836179787,0.00144002960201852,0.00126919234572477,0.00129005573501385,0.00089490465136901,0.00129346223944873,0.00099330099435508,0.00094617165335919,0.00140456388440074,0.00102752078556014,0.00133639935884484,0.00082373206240545,0.00129129411213259,0.00119552476838466,0.00100046527461339,0.00090252129414576,0.00110295731143761,0.00101435994593141,0.00091328104447679,0.00089774069013707
"17","EBI05_S_Wi19_S33_maxbin.093",0.00113701693502063,0.00104779049532583,0.00134366354178049,0.0010397784886145,0.00108529777414598,0.0008230965861241,0.00128857077001892,0.00095860421299915,0.00090964016444229,0.00134992117039695,0.00104516486994416,0.0013275849374601,0.00078360525655102,0.00128156244113681,0.00117022879854612,0.00096846826571124,0.00087468721507863,0.00108271539194699,0.00099066892180994,0.00087258058637679,0.00083775821923928
"18","EBI05_S_Wi19_S33_maxbin.131",0.00197117184559853,0.0017685387309872,0.00180343394456186,0.00172551179355999,0.0021566857916837,0.00170671495747513,0.00182633373109132,0.00145313049049408,0.00134788102751844,0.00224633914924373,0.00140798403705059,0.00185509832902512,0.00140299797428231,0.0018449402416888,0.00181217692171115,0.00159338635501138,0.00142579963532182,0.00163653011400659,0.00163358785314108,0.00148872456382981,0.00164193349455333
"19","EBI05_S_Wi19_S33_metabat2.102",0.00414018116078708,0.00357355400951861,0.00317530745951295,0.00352782351369016,0.00527380683904327,0.00395422557658625,0.0032870538943083,0.00267842604190409,0.00229975804364659,0.00506195855540675,0.00223001220074614,0.00334858812289278,0.00292156245104741,0.00333563087642803,0.00352504079373959,0.00317740902526067,0.00276165887399942,0.00299039879096913,0.00318583686755955,0.00311348072918812,0.00377737281556527
"20","EBI05_S_Wi19_S33_metabat2.108",0.00378630023495136,0.00323932930004874,0.00290737566087456,0.00321795703187968,0.004783303526431,0.00359754061522444,0.00301884178889068,0.00243213786432286,0.00208456524504609,0.00468479577205363,0.00206186644114078,0.00307849420083388,0.00267859777602441,0.00304377537895089,0.00327357967390828,0.00294021233390717,0.00254119383895201,0.00275835808764052,0.00293303464035089,0.00285970383650627,0.0034487804545714
"21","EBI05_S_Wi19_S33_metabat2.22",0.00147321696187932,0.00137227929019077,0.00171393693591568,0.00138371231477619,0.00142808814786988,0.00108994961265319,0.00165525830319313,0.00127912362475512,0.00117877268589901,0.00179622944154498,0.00136131239563417,0.0017364375026676,0.0010949392430076,0.00172212144847275,0.001606771064967,0.00131597020668669,0.00119658256771792,0.00149317801487955,0.00136140268451191,0.00121860804441238,0.00118002111280792
"22","EBI05_S_Wi19_S33_metabat2.41",0.00115404504333246,0.00107758646570809,0.00140973442081834,0.00114363741640032,0.00114360345959463,0.00083806837057092,0.00134269711151253,0.00102179061550985,0.00094176241385759,0.0014183528914289,0.0010726406788479,0.00140051435215215,0.00082092943600227,0.00134263463709814,0.001225216347708,0.00100727797258145,0.00090351019717573,0.00111877990714821,0.00101487915073354,0.00090414942942901,0.00086254923867219
"23","EBI20_TS_05_S39_maxbin.038",0.0015944092946242,0.0014466376398884,0.00165900287700306,0.0014463791866885,0.0016640154200489,0.00124815373015415,0.00158621923193048,0.00122584858586216,0.00114619177512015,0.00181986054769589,0.0012341359898514,0.00164197164258086,0.00109656956832406,0.00159245999800289,0.00150348343118649,0.00128258832219378,0.00115631245449329,0.00139748489245624,0.00132597576333764,0.00120363839712926,0.00122199929784998
"24","EBI20_TS_09_S43_metabat2.7",0.00147446581230571,0.00136759446372784,0.00141273565682695,0.00123188950387521,0.00149300526809369,0.00128297162882689,0.00142944101783353,0.0011355316800754,0.00103819146143168,0.00173371238427391,0.00112511576077598,0.0014772578584562,0.00108912431060565,0.00150475340694364,0.00146810015905891,0.00124441805801141,0.00111206451882472,0.00131315456830353,0.00128905579906806,0.0011898965130569,0.00127513154855523
"25","EBI20_TS_10_S44_maxbin.019",0.00247489856905355,0.00215081427173766,0.00219631755478352,0.00224088577333123,0.00298103333209148,0.002045517005254,0.00220425852048485,0.00171894468836288,0.001559174142953,0.00285361311485445,0.00162033670992655,0.00223929317622748,0.00162965576182899,0.00218308810048772,0.00215976985058336,0.00186726580024717,0.0016669479958202,0.00193693243465302,0.00193057560364155,0.00178748471955286,0.00199902026087563
"26","EBI20_TS_11_S45_maxbin.069",0.00089588754913865,0.00084923466510393,0.00148229566279674,0.0009772005329879,0.00081882959246095,0.00052305853990562,0.00134201799302999,0.00089592347353026,0.00087064703313243,0.00115280010737025,0.00114401376591579,0.00137310952875166,0.00059497932970983,0.0013028015340114,0.00106754530288751,0.00081432388020701,0.00074388704440355,0.00100052593052126,0.00082773813585263,0.00069291655741249,0.00052957374591876
"27","EBI20_TS_11_S45_metabat2.49",0.00181729709430528,0.00162427304121646,0.00161907226584924,0.00149378361737567,0.00189654109370854,0.00164139749535693,0.00165456423887143,0.00135368722825306,0.00120891694680994,0.00212260249241324,0.00129270128883641,0.00167759638270931,0.00131795117653014,0.0017052476040954,0.00173158656334544,0.00151361234183328,0.00133291932176182,0.00153921474306674,0.00154760370896432,0.00144015157712938,0.00161560997876651
"28","EBI20_TS_13_S46_maxbin.002",0.00189497460839054,0.00172914198064491,0.0016745354078395,0.00156336959526911,0.00203199780596224,0.00173481686158042,0.00171422078143233,0.00141385905605667,0.00125478544896304,0.00228214222590837,0.00130608459796542,0.00176943793026227,0.00140719809449468,0.0017988153398953,0.00182552269335851,0.00159598285997072,0.00140660079046369,0.00160633806633399,0.00161466796888835,0.00151322734227814,0.00172563303896446
"29","EBI20_TS_13_S46_maxbin.016",0.00077977012805054,0.00074542371534816,0.00163711787448227,0.00098455252651559,0.00071873973209365,0.00035061763563365,0.00139997434865171,0.000857734857199,0.0009169118973209,0.00133427537965577,0.00124676769132244,0.00143254909456189,0.00044321514980465,0.00134948277629335,0.00135226769609817,0.00089441859949703,0.00087137977942645,0.00092403119787931,0.00082985878881171,0.00060265749046859,0
"30","EBI20_TS_13_S46_maxbin.136",0.00206829727221241,0.00187640128245478,0.00202585464944545,0.00177552962861426,0.00211819841172525,0.00174796473826692,0.00201059968903412,0.00156750210332374,0.00143308018139231,0.0024497150922357,0.00157604511401267,0.00208283942896585,0.00149527025484699,0.00209154776424384,0.0020594831566786,0.00176215487356791,0.00155825276665285,0.001849717301914,0.00179444960030401,0.00164914434988206,0.00174934115093176
"31","EBI20_TS_13_S46_maxbin.171",0.00074534836310197,0.00072812051279814,0.00156641773383101,0.00095228942694026,0.00071129739277291,0.00034597716642536,0.00131782395728481,0.00082795205676,0.00083014400754011,0.00103351272288847,0.0011364022283514,0.00134997665299418,0,0.00119903166026739,0.00089999932637946,0.00063579364825205,0.00059274594449699,0.00086367685188597,0.00065649572338089,0.00051634772515484,0
"32","EBI20_TS_13_S46_metabat2.12",0.00198687566293973,0.00182117105541735,0.00170713503317809,0.00163027032985573,0.00208961291231403,0.00184178647772198,0.00174721024805636,0.00145522128924525,0.00130850952029862,0.00232676490872405,0.0013669353594792,0.00182737199031357,0.00149004391268839,0.00186426800516322,0.00189709238948494,0.00166098848982099,0.00146984068881103,0.00168790582083603,0.00170131712405356,0.00161334878764092,0.0018455013832115
"33","EBI20_TS_13_S46_metabat2.17",0.00222123618030378,0.00198530669344612,0.00199282356079214,0.00189827963060175,0.0023724480982945,0.00192847682585171,0.00203109942608811,0.00163990194405501,0.00146058864083413,0.00264719561103872,0.00154139834738901,0.00209799086109287,0.0016135725864296,0.00210285158865667,0.0021300168766063,0.00184290460946932,0.00162612452712674,0.00188406265599518,0.00187825495283648,0.00175742255446032,0.00193274692861514
"34","EBI20_TS_13_S46_metabat2.188",0.00194054871552225,0.00175126357525027,0.00194406476117405,0.00174940367796532,0.00208579794528625,0.00157579781419103,0.00188943211697164,0.001482926204326,0.00137065149262996,0.00225853509641874,0.00147799987055557,0.00196038434013443,0.00135189854197759,0.0019169678372178,0.00185201257831411,0.00156877762273669,0.00141342153438721,0.00169848774406204,0.00162424179912411,0.0014811611292943,0.00155388925585724
"35","EBI20_TS_13_S46_metabat2.196",0.00160612376879107,0.00143739432370602,0.00145103328268614,0.00135476974290829,0.00173171242181497,0.00142733913234979,0.00147121656290989,0.00118274782860518,0.00104362621338952,0.00193042040805454,0.00111096564531653,0.00151650661990216,0.00118305131348675,0.00153613136574599,0.0015554540390307,0.00135195862618339,0.00118353081833557,0.00136566747591755,0.00136592172670976,0.00128459200674461,0.00144070932011191
"36","EBI20_TS_13_S46_metabat2.202",0.00357411316959928,0.00311383295227723,0.0028121960950533,0.00299369903586584,0.00428530761242277,0.00343396870678808,0.00292976849685221,0.00238174117387789,0.00204737521522682,0.0043869167213601,0.00205968624909848,0.00299767088015066,0.00260454329057768,0.0030501396372853,0.00323402297131263,0.00289402963254993,0.00249891524456953,0.00276984915348323,0.00288771510638182,0.00280438652968251,0.00336521241814922
"37","EBI20_TS_13_S46_metabat2.207",0.0028079269145829,0.00245967104503846,0.00237602760873047,0.00241615995154601,0.00321984464606213,0.00251628038120697,0.00241864305083157,0.00195075568120276,0.00173536113199671,0.00333110182061369,0.00178706060647286,0.00248617210403296,0.00200404159055929,0.00249064828818132,0.00254419090144626,0.00224322184664478,0.00196878039774188,0.00225964110410079,0.00228918867573766,0.00217394633771045,0.00249078902299753
"38","EBI20_TS_13_S46_metabat2.246",0.00139364007015959,0.00127868547783198,0.00146985218714716,0.00125566851379755,0.00142139750207802,0.00109686850813162,0.00144888423141202,0.00111638105145123,0.00103182024805341,0.00165569310501488,0.00113658246280812,0.0014769973085077,0.00099416603812315,0.00146135211126368,0.00138753711696224,0.00116902928968198,0.00104954144703762,0.00127074114152394,0.00120417059244182,0.00108834072588767,0.00112458844403007
"39","EBI20_TS_13_S46_metabat2.263",0.00176185961158239,0.00160767683690296,0.00154048440677689,0.00144449640038199,0.00183710122509353,0.00164979511118204,0.00160314646234279,0.00131707749166102,0.00116799623667605,0.00210111695769733,0.00123424222917755,0.00164740331768904,0.00134288477589297,0.00168500166137492,0.00172117049502906,0.00149613632065369,0.00131750019257603,0.0015195042524259,0.00152689105188243,0.00145030171885916,0.00164001608360124
"40","EBI20_TS_13_S46_metabat2.270",0.00176311462631754,0.0016107214711665,0.00179195345060142,0.00161178201719363,0.00178124515152429,0.00140290612703761,0.00177574453143686,0.00143642434038807,0.00127907466493142,0.00211936729335491,0.00139578492249665,0.0018583559115649,0.00131186605997268,0.0018571974338989,0.00177016433253949,0.00151443232532107,0.00133839983571116,0.00160198775377958,0.00151400304090527,0.00141571891428258,0.00148996024964595
"41","EBI20_TS_13_S46_metabat2.272",0.00184374811908444,0.00166586329890792,0.00163958673085295,0.00148028174712929,0.00188494809151877,0.00170333037582236,0.00168341079105247,0.00133574206151347,0.00119273980704372,0.0022501601554095,0.001283053280541,0.00175135141620532,0.00142262372868115,0.0017991364162842,0.00186993586705167,0.00162252892268402,0.00141362515491058,0.00163399626900624,0.0016508681835865,0.00155168450486568,0.00173326316559389
"42","EBI20_TS_13_S46_metabat2.282",0.00179075769838111,0.00161943845429801,0.00170788165953631,0.00160611112615999,0.00198395738719394,0.00151327887504132,0.00169728197325729,0.00134002188109263,0.0012240943249133,0.00208163470700707,0.00129613261622042,0.00174402621235889,0.00126470322662963,0.00172418498596648,0.00170063726399228,0.00144263777782629,0.00130345002700044,0.00152707806781702,0.00150121957541424,0.00138194967273898,0.00148300396649682
"43","EBI20_TS_13_S46_metabat2.292",0.00236028974213604,0.00204630823173295,0.00212442581153198,0.00213264192501122,0.00275611655905359,0.00195389969592349,0.00212606588957355,0.00164439463389119,0.00151654114154691,0.00270363084742041,0.00156120963530837,0.00216532340917666,0.00158438468868895,0.00212360915882402,0.00209312464842049,0.00180783071118839,0.00160133601933163,0.00188621630306686,0.00185553240648663,0.00172624409112241,0.00188357780468013
"44","EBI20_TS_13_S46_metabat2.297",0.00192199318300292,0.0017234384468589,0.00181953585966798,0.00170232296815797,0.00212618591415562,0.00160435285513538,0.00178112127452175,0.00140232254528411,0.00128678777065505,0.00220641461069665,0.001356275640348,0.00183074242035527,0.00133693897461809,0.0018155121083779,0.00177386377887347,0.00152627751602386,0.00135956173151884,0.001601137988688,0.00158108963123052,0.0014594847430428,0.00157036770353583
"45","EBI20_TS_13_S46_metabat2.303",0.00144698864683319,0.00134169669215861,0.00157426274546199,0.00132832231746053,0.00143239832360198,0.00113170869264212,0.0015491670832556,0.0012233139143198,0.00111231537801935,0.00174767689657984,0.00124395502862657,0.00159495841877214,0.00105816418113631,0.00158194208185905,0.00150775216731384,0.00126519272373417,0.00112821934558035,0.00138134547523663,0.00127334717354284,0.00117215803969702,0.0011832264670803
"46","EBI20_TS_13_S46_metabat2.324",0.0022578612281242,0.00203313365456027,0.00190037197286006,0.00183465029515733,0.00240785575839889,0.00211760542173243,0.00198691459369537,0.00159463909675065,0.00140348991134273,0.00276462436744891,0.0014736747885668,0.00205409826329227,0.00171677600171911,0.00211088891100536,0.00219873316079531,0.00193364109649354,0.0016880050138564,0.00190892229896583,0.00195767640957741,0.00186493005938197,0.00212842944853726
"47","EBI20_TS_13_S46_metabat2.328",0.00178485402430772,0.00159232264970307,0.0017172300214558,0.00157139462874936,0.00188580956726535,0.00145373902276033,0.00169918806394043,0.00135197536733017,0.00122969046670817,0.00208648117653254,0.00131257594492609,0.00175824398151163,0.00125771767569268,0.00174594504702609,0.00170022356980985,0.00145080084803223,0.00128672472108209,0.00154075274214586,0.00149343732337711,0.00138373543367118,0.00146714185004719
"48","EBI20_TS_13_S46_metabat2.348",0.00269273765539006,0.00235501132194704,0.00233625327235378,0.00240113883924548,0.00316229034647245,0.00233782506407998,0.00230734466444303,0.00184244202201347,0.00166602944109222,0.00310267645973769,0.00167620466841384,0.00237021875558512,0.00185162562376807,0.00233565647090803,0.00234592921985639,0.00206564884565846,0.00184598281650325,0.00209656254904937,0.00212619267520668,0.00200431523226299,0.00225789931558295
"49","EBI20_TS_13_S46_metabat2.46",0.00138023431193731,0.00127934243450188,0.00144352918290743,0.00122035755361709,0.00136791350757101,0.00110585602061537,0.00143686711513834,0.001115630836849,0.00104697023750373,0.00160740177946482,0.00114766102344347,0.00147294286557236,0.00099332516607461,0.001461445763648,0.00139976151559429,0.00117561472507943,0.00104867738000739,0.00126745735232245,0.00119975346141664,0.00107895176235805,0.00110397825575305
"50","EBI20_TS_13_S46_metabat2.73",0.00096096384361121,0.0009309998951493,0.0020951566624489,0.00124327242844196,0.0009207278246763,0.00044270719491551,0.00174917903909092,0.00107612006973538,0.00107312967687764,0.00129452440495639,0.00147759846816567,0.00175707963545838,0.00055636160449478,0.00156814902729647,0.00117409733124646,0.00082831002948704,0.00076594608975212,0.00111341554158451,0.00084437112971496,0.00066140955336009,0
"51","EBI20_TS_13_S46_metabat2.84",0.00121890681504455,0.00113658987169839,0.00131575771342033,0.00108855687913278,0.00119109510712437,0.00094829412415676,0.0013093498168398,0.00101611822366616,0.00095140516089518,0.00145159463941036,0.00106900256474471,0.00133447097516194,0.00087063265323712,0.00132442185150342,0.00124474768093072,0.00104331457276436,0.00093183321400607,0.00113833847009086,0.00106991262365608,0.00095370898032514,0.00095039931053731
"52","EBI20_TS_13_S46_metabat2.91",0.00082448231552674,0.00079659900643725,0.00171570193211573,0.00101208848124777,0.0007706115362749,0.00039867767164308,0.0014459837763068,0.00090522141752944,0.00090400259086442,0.00111001522108156,0.00123389302302541,0.00146441602827164,0.00049099093673999,0.00133218311675848,0.00099969808445916,0.00071226879804965,0.00066139778435961,0.00094944283977095,0.00073248237232965,0.00058324953233721,0
"53","EBI20_TS_13_S46_metabat2.99",0.00136739600723094,0.00125713801634057,0.00133320985210443,0.00115377016515522,0.00135709801521252,0.00117174227053324,0.00134507241734349,0.00106628986645766,0.00097735756267699,0.00160501760627497,0.00106668830951169,0.00139621580144184,0.00100917322169638,0.00139185769329173,0.00137640165327602,0.0011765807460143,0.00105042469571135,0.00124315391922993,0.00120278279935832,0.00111138174208076,0.00118379755869731
"54","EBI20_TS_16_S49_maxbin.006",0.00221046708475388,0.00195523888472158,0.00206639120401958,0.00202300201257096,0.00250066567321768,0.00182952988102711,0.0020157003701401,0.00159981161316127,0.00146597932223508,0.0025213160037038,0.00151386165296662,0.00208349865543682,0.00150292855726443,0.00201741599135388,0.00198085953620838,0.00171520507441176,0.00154210143452862,0.00180489448057956,0.00177114655541698,0.00163547264870068,0.00177701908383623
"55","EBI20_TS_16_S49_maxbin.014",0.00175398506834059,0.00158738797965139,0.00154359012295766,0.00148779132284737,0.00193136401316494,0.00158024868746609,0.00159186809754774,0.00129122768918328,0.00112658653444434,0.00213872634089333,0.00120549542371867,0.00163911966444567,0.00130076458371152,0.00165679704225832,0.00169777742469744,0.00147868057840031,0.00128756005447629,0.0014875492072665,0.00148520968857757,0.00141430361538901,0.00161464331946848
"56","EBI20_TS_16_S49_maxbin.057",0.0018052390080841,0.00162770310201437,0.00175837813251237,0.00160395659970525,0.00194488907050637,0.00149500658616664,0.00172837611501391,0.00136506248888593,0.00125233296645182,0.00214124437568608,0.00133310547608694,0.00178725379505813,0.00128060323944857,0.00176717363539845,0.00172730436993848,0.0014759940948241,0.0013277665654093,0.00155920412630769,0.00151606607591551,0.00140776708507138,0.00149412654078335
"57","EBI20_TS_16_S49_maxbin.321",0.00133113552048285,0.00122836131365727,0.00153792764213174,0.00126167068395181,0.00140044965644009,0.00099058374013429,0.00147141726417865,0.0010839947972526,0.00102386458744785,0.00157073449462159,0.00116663272095143,0.00151172379483709,0.00089939540380868,0.00144290945163471,0.0013266619410222,0.00108808456971662,0.00097955729836534,0.0012159921247855,0.00112174528321026,0.00100449437668287,0.00097461880647147
"58","EBI20_TS_16_S49_metabat2.104",0.00197866882492922,0.00178416145031163,0.00170917103039319,0.00164623689964655,0.00212636520180288,0.00180062328163167,0.00178639429889583,0.00144321290436057,0.00127781848724109,0.00238704718584867,0.0013511366119231,0.0018336937905058,0.00147526256120728,0.00186700585207424,0.00191316637350326,0.00166870666372837,0.00146703267481628,0.00168452929969352,0.00168472438005023,0.00160620846913464,0.00182901717710975
"59","EBI20_TS_16_S49_metabat2.109",0.00165380794770408,0.00150359794341732,0.00169024446799469,0.00150255902016841,0.00168954217709988,0.00131691902374252,0.00166387176772836,0.00134617584882033,0.00119724398174357,0.00198817756416668,0.00131286692986872,0.00172719613900137,0.00121930666878218,0.00172093790038752,0.00166151172995706,0.0014132172137946,0.00124811482958089,0.00149961665922801,0.00141650844789658,0.00132204050055381,0.00139377629986081
"60","EBI20_TS_16_S49_metabat2.118",0.00083982385933206,0.00081142450700754,0.00156240831464888,0.00097586129828201,0.00077413290229905,0.00044108969341609,0.00135920119725107,0.00086472488348296,0.00087031060462796,0.00110936041554964,0.00115122547545475,0.00137546171407616,0.0005237982387917,0.00126568756573405,0.00100041296059332,0.00074184181875685,0.00068709299368814,0.00094894231146994,0.00075702676085127,0.00061995047405883,0
"61","EBI20_TS_16_S49_metabat2.154",0.00426981199878666,0.00364124853729327,0.00329276972370078,0.00363857705447866,0.00535289422837872,0.00404208039172232,0.00339831694596643,0.00275776913968794,0.00235796345063912,0.00522685391787589,0.00232462121206835,0.00344713432079865,0.00300218410411994,0.00346471742743466,0.00369500593384919,0.00330180200115818,0.00288870464566524,0.00314874668406419,0.00332450663748047,0.00324614523418568,0.00392963419757158
"62","EBI20_TS_16_S49_metabat2.171",0.00223665417598523,0.0020377934602399,0.00192356223506437,0.00182469445201979,0.00240284409527313,0.00211142474782827,0.00195722259418588,0.001643636791689,0.00146696628432807,0.00263209380900141,0.00150438836885224,0.00203003033898408,0.00167338585314899,0.00205164413092784,0.00209927870924931,0.00186644811455138,0.00165313445562017,0.00186288675227021,0.00190302604547258,0.00179404628154398,0.00207774927837462
"63","EBI20_TS_16_S49_metabat2.222",0.00241043133718097,0.00214586194984556,0.00199438660555081,0.00199739572662954,0.0027190937997443,0.00226243317514019,0.00207296924723243,0.0016852985754483,0.00146261785794867,0.00291554356903174,0.00152552051829403,0.00212813053523501,0.00178282961721782,0.00218335313244781,0.0022642266273742,0.00200851395580976,0.00173450888941574,0.00196776603224878,0.0020256862655039,0.00193025424870743,0.00225024961031478
"64","EBI20_TS_16_S49_metabat2.254",0.0009753682680101,0.00094007890912192,0.0015005337192739,0.00103690543015405,0.00094134556847134,0.00061936490719977,0.00135249890558574,0.0009466535703844,0.00091320047702254,0.00121947396055092,0.00112854866252447,0.00139404839043086,0.00065607759483028,0.00129801194037446,0.00109652411505335,0.00085292200784883,0.00077594768601238,0.00102891065962582,0.00087119073800577,0.00074525731564324,0.00062583748585482
"65","EBI20_TS_16_S49_metabat2.263",0.00239227503997071,0.00211659166808192,0.00213317803061581,0.00211504997692625,0.00272168672986155,0.00205473198168463,0.00208798214720318,0.00166065814901829,0.00150650497455516,0.00273939373648273,0.00154250433843616,0.00215272494779296,0.00163881378989823,0.00211817070545304,0.00213017638888817,0.00185530714238708,0.00165590756213007,0.00190343381619785,0.00191111139671425,0.00179142300253643,0.00199856199836244
"66","EBI20_TS_16_S49_metabat2.319",0.00337745486485155,0.00297456892549534,0.00290954126339704,0.00280133360736743,0.00369290906038427,0.00316234671566925,0.00285165919576046,0.00231111779448855,0.00205280229350889,0.00407907561058018,0.00211213408241056,0.00297343591690716,0.00252527625989646,0.00302269103607564,0.00319697394238637,0.00285523013808861,0.00252321201889631,0.00277937894331777,0.00285773294353077,0.00276627493203901,0.00319028753812718
"67","EBI20_TS_16_S49_metabat2.325",0.00071640859498117,0.00068362949735185,0.00129192405768283,0.00080579831319069,0.00065046467450762,0.00037409140322159,0.00112345407076966,0.00072916122195143,0.00072629794287028,0.00094528423949592,0.00096732296143816,0.00115464292314895,0.00044363652805788,0.00107083094811511,0.00085029168396111,0.00063650100345898,0.0005737239279881,0.00079990332987493,0.00064236076319518,0.00052433459534444,0
"68","EBI20_TS_16_S49_metabat2.338",0.00111008232503568,0.00102147967069106,0.00189729191639184,0.00118762373963909,0.00094132028359877,0.00055929597736045,0.00165602953255164,0.00111048153778214,0.0010949252515284,0.00137861744817003,0.00145481577922412,0.00170450085906853,0.00067857936853841,0.00160790106502633,0.00132223720757406,0.00098109507042272,0.00092804448995054,0.00125521028334746,0.00101185211015824,0.0008207508914797,0.00059242920210208
"69","EBI20_TS_16_S49_metabat2.343",0.00170175793835272,0.00151228360153679,0.00150761336464086,0.00143265399181754,0.00184693701255021,0.00151087310478201,0.00154529421636932,0.00124129501106976,0.00109389910212674,0.00202840457751771,0.00116456739696368,0.00159893579286783,0.00125650943530118,0.00161626313880844,0.00162856315421147,0.00142605968269803,0.00124613081084289,0.00143994321591553,0.00143307068287436,0.00135633628200337,0.0015348762742144
"70","EBI20_TS_16_S49_metabat2.65",0.00217538792998789,0.00192969555090021,0.00181161571022132,0.00182707850656091,0.00246543030826261,0.00198436093079838,0.0019014018395984,0.0015324507389324,0.00133836527526522,0.002614250319428,0.00140027373839133,0.00194282323665669,0.00158185493852403,0.00195784244791936,0.0020227955661799,0.00177986253406478,0.00156696562050834,0.0017611615094829,0.00178413620188284,0.0017122515875127,0.00199020649036543
"71","EBI20_TS_16_S49_metabat2.79",0.00234032340160956,0.00207781393696204,0.00197287907403293,0.00191853881769351,0.00252693855776918,0.00219938370000189,0.00205248923748325,0.00165131450632807,0.00145244847837203,0.00287294626371581,0.00154441582884847,0.00212245305886958,0.00178844378754831,0.00219907436036458,0.0023186584779256,0.00203353260688256,0.00176416273954469,0.00200063028061419,0.00203300444953204,0.00194392073495683,0.00224863818757342
"72","EBI20_TS_16_S49_metabat2.81",0.00204081167897401,0.00185939432261687,0.00175809391555739,0.0017000394524804,0.0022404523928227,0.00190292116186718,0.00179371493330738,0.0014972547846855,0.00133443189465351,0.00241165655919444,0.00137856409994781,0.00186344990630376,0.00150699000156388,0.00188988138101948,0.00191621351001049,0.00166682451677063,0.00148221653764984,0.00169386417371347,0.00171181648662539,0.00162490605259672,0.00186947056768887
"73","EBI20_TS_16_S49_metabat2.95",0.00112254128396044,0.00106895723744033,0.00145304745132634,0.00111218846770732,0.00107549073984085,0.00077479619057395,0.00138503013338247,0.00104445254956191,0.00097295232683232,0.00139503418078955,0.00114431122997377,0.00142844578696473,0.00079792303138171,0.00137686841174035,0.00122150314281204,0.00098071053675526,0.00089809740141722,0.00114577289977123,0.00101321368263345,0.0008926527586183,0.0008048452318587
"74","ED05_S_Wi19_S51_maxbin.002",0.00251014721823091,0.00224855923658439,0.00212248588974523,0.00219571651410212,0.00288255462716024,0.00230233582693275,0.00212701947621312,0.00178535151041667,0.00159794367608986,0.00290528408185957,0.00158981541404134,0.0022193365650691,0.00181233501246839,0.00220590626811319,0.00224171149389552,0.00200789344255125,0.00177970091917378,0.00197727734234336,0.00203481048582311,0.00191537042911121,0.00221206705390927
"75","ED05_S_Wi19_S51_maxbin.007",0.00096465677022012,0.00093444407741953,0.00230620883762705,0.00139921348232415,0.00097633907690755,0.00040323828539825,0.00192142866263492,0.00116469356711341,0.00125043869077402,0.00136798326499555,0.00162171203840473,0.00191326057811782,0.00052720345426857,0.00168955801218681,0.00119045438679794,0.00082458793470398,0.00076359610544724,0.00115391661822484,0.00083901198657887,0.00065076379122426,0
"76","ED05_S_Wi19_S51_maxbin.016",0.0008602336929781,0.00084077052357217,0.00151836644732875,0.00103746695040263,0.00086566022517513,0.00046916381058704,0.00133520876493797,0.00092986017124015,0.00091258033482976,0.00111939838555153,0.00111473860979268,0.00135414446687143,0.00054651413403196,0.00124234735803559,0.00097105178761247,0.00074582177686429,0.0006687676125358,0.00092267002870534,0.00074451502785579,0.00062993225759759,0.0004754324035348
"77","ED05_S_Wi19_S51_maxbin.024",0.00121121534695684,0.00114608420825888,0.00198612114883815,0.00131611989419956,0.00106833593203552,0.00068695317081239,0.00178893070102538,0.00124130845973287,0.00120009519208744,0.00148905938606661,0.0015452397664438,0.00184670992620425,0.00080963540852206,0.00174618441492533,0.00153144431062053,0.00117754490683183,0.00112844754501129,0.00143456379390797,0.00118956170088746,0.00098478405343104,0.00074278713733247
"78","ED05_S_Wi19_S51_maxbin.033",0.00279255153931744,0.00247659467698213,0.00241929095324414,0.00258456326104292,0.00313143007560039,0.00241788955886666,0.00239777481012948,0.00211515488223853,0.00182222665641111,0.00323065300568453,0.00180924361392876,0.00250028158269068,0.00203145446353539,0.00244854342570386,0.00249919558324488,0.00225807740017703,0.00196652655462995,0.00222913753648391,0.00225558310663033,0.00216469807641002,0.00246851630597358
"79","ED05_S_Wi19_S51_maxbin.038",0.00121422333699358,0.00113568200672556,0.00208052275612905,0.0013250289566375,0.00109519512355455,0.00069062885002687,0.00188031948546605,0.00124732285576289,0.0012131122939735,0.00161197947741227,0.00161178433820421,0.00191164262513461,0.00079720781229576,0.00182779857844261,0.00151539747549216,0.00113905291529666,0.00103140232973932,0.00142125477607308,0.00113432097488579,0.00093364969401232,0.00072232425671794
"80","ED05_S_Wi19_S51_maxbin.041",0.00104411357831583,0.00103117921690099,0.00273642688412757,0.00152464441371688,0.00102716466354657,0.00040334912609768,0.00222191671369905,0.00127430053940448,0.00127312347156124,0.00148377733729202,0.00186994611269527,0.00220303387288836,0.00055302984922609,0.00193716232931511,0.00131270757896888,0.00088521554133757,0.00082546300194365,0.00125435415637819,0.00090524414039965,0.00068298725964072,0
"81","ED05_S_Wi19_S51_maxbin.043",0.00099545527006455,0.00094054727128739,0.00218720018967446,0.00125682955941122,0.00092505917369218,0.00044925301369997,0.00178946854073048,0.00106155101925054,0.00106234179296786,0.00127293733344815,0.00147269293010365,0.00180850515040636,0.00055969914774139,0.00158971354536264,0.00119197586281281,0.00085685312875806,0.00079135664193785,0.00114246872226647,0.00087751094607796,0.00067972264493429,0
"82","ED05_S_Wi19_S51_maxbin.046",0.0015752917505178,0.00141769551424356,0.00153043346173264,0.00125739150748476,0.00148557481601945,0.00135508691112581,0.0015557029859308,0.00119283094703978,0.00107221147455923,0.00191635630038634,0.0012264170321875,0.00161327342977636,0.00120466049350641,0.00168029083619203,0.0017198065896985,0.00146794423646524,0.00128125069161546,0.00150387387630554,0.00145799753695111,0.0013535737474897,0.00142707042287438
"83","ED05_S_Wi19_S51_maxbin.071",0.00282798716450054,0.00249646714693164,0.00234005708714936,0.00229551616744585,0.00310730861484602,0.00266279684333172,0.00240449652837851,0.00196685961890945,0.0017213355938578,0.00345983610671442,0.00178542248023149,0.00249993026209125,0.00213616026290843,0.00252756607033245,0.00267881478158226,0.00238675539342457,0.00207049898359568,0.00226789445891327,0.00235338398452495,0.00226875413748161,0.00261314594179396
"84","ED05_S_Wi19_S51_maxbin.079",0.00127694816439091,0.00122019646888619,0.0017741767937703,0.0012579902485041,0.00115626167095106,0.0008726861316742,0.00169166711919756,0.00117145998428249,0.00114644069945626,0.00150605738284723,0.00140184319812038,0.00172538602196372,0.0009240220720864,0.00166543630627278,0.00147128196878963,0.00117976847650238,0.00109234598344699,0.00141722428419859,0.00122863849397872,0.0010678944579775,0.00090773551323762
"85","ED05_S_Wi19_S51_maxbin.091",0.00100902992071492,0.00094220929012754,0.00164038206314703,0.00110123597069365,0.00094889064157186,0.00059730637986264,0.00146314162973831,0.00100370975778134,0.00093799706551371,0.00124041876816545,0.00119990854915171,0.00151294014619204,0.00069158360889084,0.0014271099758952,0.0011906873785045,0.00092944409825442,0.00083597912443487,0.00112968001514274,0.00092851836099649,0.00079924094567004,0.00063915261575011
"86","ED05_S_Wi19_S51_maxbin.100",0.00101619472567356,0.00098368290557834,0.0023278494195063,0.00141251648527234,0.0010119202628409,0.00045141842441856,0.0019227264245848,0.00115306549168683,0.00115931618714404,0.00136657235011098,0.00160554649420105,0.001912419286905,0.00057500606107836,0.00171579314432383,0.00122610713927579,0.00086727853931543,0.00080263373983277,0.00118460304438335,0.00088639602587267,0.00069125063898157,0
"87","ED05_S_Wi19_S51_maxbin.113",0.0023521104749596,0.00206298964119992,0.00181644748755218,0.00169908112458949,0.00186693541681742,0.00246317944733136,0.00203936697113059,0.00187057598959248,0.0018474090215114,0.00226308806054717,0.0019258259091924,0.00221637802071177,0.00243463639101238,0.00227791876533432,0.00212747706614979,0.00222112671645302,0.00218751710458263,0.00220061166457857,0.00229392327216515,0.0024508148146032,0.00285755810999346
"88","ED05_S_Wi19_S51_maxbin.143",0.0010232327288748,0.00099068583896868,0.00250759451796807,0.00147366507773665,0.00102036076725802,0.00041329439228891,0.0020469274005552,0.00122285900158129,0.00125523401019208,0.00143166935437953,0.00175385916699425,0.00205077842218526,0.00054588650858865,0.00181036232975337,0.0012398857867504,0.00086315557101069,0.00079630612723014,0.00121381796823194,0.00088335997962115,0.00066517941086319,0
"89","ED05_S_Wi19_S51_maxbin.249",0.00164169435862479,0.0015147663468995,0.00179648797322984,0.0014502096460858,0.0016296082465502,0.00132344665052853,0.00176160471506455,0.00130457639058183,0.00122539108512608,0.00195209367905762,0.00139149953265852,0.00182015861787969,0.00118633599095826,0.00178541318756736,0.00169880479761046,0.00143227758079424,0.00128325738662837,0.00156880253353733,0.00147775283551467,0.00131181109185799,0.00133268932741057
"90","ED05_S_Wi19_S51_maxbin.386",0.00097545700034508,0.00090275476503141,0.00141339294937111,0.00096649435618994,0.00089456444264259,0.00061387092366752,0.00126795068437674,0.00086029040427812,0.00082886699263534,0.00116107419108767,0.00103795449255976,0.00130401868418842,0.00063669621424354,0.00122870329590262,0.00107392656410605,0.00084604519054212,0.00077311711223044,0.00100691867846637,0.00086570903803114,0.00074867033722029,0.00062353022965471
"91","ED05_S_Wi19_S51_metabat2.140",0.00130844460364628,0.0013350247167665,0.00184043694288694,0.00145862211071152,0.00128302058283333,0.0008670886251803,0.00179673645873146,0.00145133710123292,0.00124686409241793,0.00165864776742898,0.00146581065633211,0.00185865023878751,0.00096924462043478,0.0017696270338642,0.0015056669584917,0.00120954687604687,0.00104978315904333,0.00143436409153778,0.00118514309954779,0.00106286924859125,0.00095034028669991
"92","ED05_S_Wi19_S51_metabat2.158",0.0016762742043818,0.00146871174263743,0.00161130381757352,0.00157773349714029,0.00190025662741557,0.00129896518439347,0.00157143184272006,0.00123260024964709,0.00113388144000393,0.00189534536766383,0.00120257322158648,0.00161882635821676,0.0011161427598071,0.00158030056197683,0.00152390301181468,0.00130038760258751,0.00115729805703804,0.00137327443366198,0.00133699322797574,0.00123147583859611,0.0012962302670572
"93","ED05_S_Wi19_S51_metabat2.176",0.00277118691203597,0.00247522539850481,0.00228510313008,0.00226883842956598,0.00303514267967454,0.00263031683394516,0.00236471292986218,0.00195252093532543,0.00169488719357855,0.00332301304639586,0.00176886267883054,0.00244428292657616,0.00212153148521746,0.00249781505373576,0.00260320582607396,0.00234845904246534,0.00204147902077489,0.00229373561843302,0.00233235864056281,0.00228362510479386,0.00272004732480609
"94","ED05_S_Wi19_S51_metabat2.200",0.00089669991353082,0.00087419120131632,0.0021826032699904,0.00124412601052397,0.00087849213018047,0.0003577589801058,0.00178482892523023,0.00105814971184326,0.00107458036556681,0.00125131846131546,0.00150557401668683,0.00177115647609371,0.00047917654648874,0.00156598656985461,0.00109093974572774,0.00074957458181979,0.00068578724407718,0.00105043667868639,0.00076860735593671,0.00058676046005652,0
"95","ED05_S_Wi19_S51_metabat2.217",0.0013855338596736,0.00128405819371372,0.00169940088694866,0.00125238852250426,0.00129633723576607,0.00099733013145863,0.00157884212209448,0.00113795752450066,0.00107873470557764,0.00159663468598817,0.00128109337842092,0.00162804222727682,0.00096093231016303,0.00158205459947187,0.00145950959415382,0.00120116369195654,0.00107887977077967,0.00134893104191863,0.00122504366696022,0.00107808369487474,0.00101359120259383
"96","ED05_S_Wi19_S51_metabat2.218",0.00112338073760006,0.00113037070804092,0.00188132364562191,0.00133451176798722,0.00109231572478157,0.00067528178844744,0.00178819041586907,0.00134074171911252,0.00118399691223031,0.00145029524026866,0.00159644706109817,0.00179185082972031,0.00083868079413186,0.00174800919702724,0.00145861378121305,0.0011085646439159,0.00102152704498984,0.00145016426920318,0.0011130801379571,0.00097999506364094,0.00073126859947332
"97","ED05_S_Wi19_S51_metabat2.228",0.00205676423580512,0.00191983125417982,0.00241960861098191,0.00192219903841228,0.00197273386859548,0.00159614644719273,0.0023431115310941,0.00175163357093572,0.00169888275219551,0.00242792448119957,0.00187542014771575,0.00250977539838099,0.00164691507453302,0.00254834599702058,0.00245237730579453,0.00207223125380613,0.00196169169324784,0.00211367191025961,0.00207239294929389,0.00172963722866851,0.00160393013307856
"98","ED05_S_Wi19_S51_metabat2.232",0.00248090539898123,0.00222488710992139,0.00229725511258298,0.00204393049614696,0.00249259056877308,0.00222858300890827,0.00230955481424042,0.00182168397705896,0.001656231764664,0.0029491871930364,0.00179497744964139,0.00240953094564061,0.00189019542991009,0.00243983755150761,0.00248725375400869,0.00218442091170494,0.00194030256874017,0.00220181224178283,0.00219656039482897,0.00207510016190651,0.00226382617262159
"99","ED05_S_Wi19_S51_metabat2.267",0.00108903624322488,0.00104725617691857,0.00188648810825368,0.00121323811860251,0.00102961707242517,0.00064148015979789,0.00167059959061592,0.00107342227460771,0.00106456646133401,0.00136617181367452,0.00139380885286442,0.00169929823513819,0.0006996517472567,0.00157819886527091,0.00127613273503164,0.00095497719942486,0.00089463954129755,0.00121377052680115,0.00099150124233404,0.00082115530104326,0.00064346391118073
"100","ED05_S_Wi19_S51_metabat2.276",0.00101871010075536,0.00102674983778567,0.00298617536106916,0.00160517918080774,0.00103480928184781,0.00036385068976437,0.00241327442721665,0.00133541628270427,0.00134254075579784,0.00148840590070713,0.00204225379563205,0.00233964752057342,0.00051606068818816,0.00204486428630982,0.00131858275274204,0.00085357224651178,0.00080767948280573,0.00128155936306419,0.00088376933967871,0.00064924476565145,0
"101","ED05_S_Wi19_S51_metabat2.297",0.0012227192955322,0.00119115896726557,0.00231106428485479,0.00143433038823713,0.00114046259733856,0.00064475615236285,0.00203931663041679,0.00126424592410661,0.00126054743921286,0.00150671125649272,0.00167426686794897,0.00203951460959237,0.000770080602951,0.00187053074039297,0.00148035488678379,0.00109366379105566,0.00101301280268603,0.00138913992660501,0.00110648495044487,0.00089603469247183,0.00063715987742504
"102","ED05_S_Wi19_S51_metabat2.311",0.00204436795537912,0.00196379918675537,0.00263775192493992,0.00199319580473471,0.00193388494852338,0.00145703768496049,0.00266088503155668,0.00197175590245628,0.00188060288609902,0.00238385673675332,0.00224565078699265,0.00272760756393539,0.00157613527220057,0.00268734138679386,0.00254864706868929,0.00208257715346575,0.00195327968832734,0.00224500817951841,0.00199350261302872,0.00175870098662306,0.00149570528447327
"103","ED05_S_Wi19_S51_metabat2.313",0.00206359626440843,0.00189332351345873,0.00192087449896974,0.00172047700692478,0.0020883555493039,0.00195918115802235,0.00193862299353706,0.00159040444059236,0.00141041872493974,0.00242189575842244,0.00152901896810211,0.0020317148920073,0.00154747646967439,0.00203907976624725,0.00204401461633916,0.00178310118070574,0.00158497862044205,0.00183100717109808,0.00180113594731424,0.00168769756815211,0.0018417940024099
"104","ED05_S_Wi19_S51_metabat2.325",0.00200023776533478,0.00179396774812783,0.00179859569290537,0.00167848431230699,0.00211806818344356,0.00180115752766214,0.0018371066137727,0.00144422449807928,0.00132961221965583,0.00234499804331127,0.00140861175433448,0.00189277252142516,0.00150249950657534,0.00190829421153715,0.00192105712639314,0.00168920829340498,0.00151865117641655,0.0017368961264779,0.00174868943146303,0.00162632734025088,0.0017831009144382
"105","ED05_S_Wi19_S51_metabat2.342",0.00197702986526022,0.00202788097119331,0.00225048746508052,0.00251111356036221,0.00236533270020758,0.0015875716960578,0.00255331678981564,0.00202639925918405,0.00129596751903409,0.00237686894752468,0.00143731544642761,0.00251927044569479,0.00161709796975045,0.00227175081562762,0.00238971043702131,0.00202360596308062,0.00155573923359807,0.00185212618145971,0.00173663971416257,0.00202501905052333,0.00329132501086386
"106","ED05_S_Wi19_S51_metabat2.346",0.00114892529596124,0.00110686761876392,0.00300403915400748,0.0016980697820567,0.00114433067938071,0.00044250421724503,0.00243813940183018,0.00138629555266482,0.00139944794670235,0.00161364172983289,0.00203635901170431,0.00240426618630539,0.00060319129259689,0.00210145124357058,0.00143166942852637,0.00095415692415396,0.00089404568693363,0.00137583845213938,0.00099017860256111,0.0007432740601904,0
"107","ED05_S_Wi19_S51_metabat2.355",0.00122145667172843,0.00118016691407469,0.00176956523260674,0.00126204474556757,0.00115732822267732,0.00079483850204898,0.00163349286105958,0.0011780809083276,0.00119773157862762,0.00146104416195991,0.00138958416688748,0.00168031759322086,0.00084714224578824,0.00158480200149863,0.00134841546612213,0.00108179150099643,0.00100033160072064,0.00127316913699738,0.0011153501503625,0.0009448777790039,0.00079468989271252
"108","ED05_S_Wi19_S51_metabat2.367",0.00168295540005532,0.0015746635244091,0.00207021610492154,0.00158802881937668,0.00160657534990562,0.0012326272304803,0.00203962784669345,0.00147935146938259,0.00139050726517079,0.00195649602704169,0.00165465361691544,0.00210037097347992,0.00121511149527187,0.00205753767731095,0.00190149285296363,0.00154922461642696,0.00140714886515616,0.00170336063942678,0.00154254950292588,0.00135688425359752,0.00124900011217099
"109","ED05_S_Wi19_S51_metabat2.380",0.00120589015473297,0.00112796969350118,0.0017467135063554,0.00120291480948389,0.00110179637725271,0.00077269126633122,0.00160121096113509,0.00110456201839034,0.001074862380734,0.00147253034171789,0.00136346252337016,0.00166042982981536,0.00079944526957555,0.0015744886015819,0.00136859060631334,0.00106298870553807,0.00098019891269183,0.001284596159938,0.00110691262817038,0.00093666190601111,0.00079316218304786
"110","ED05_S_Wi19_S51_metabat2.385",0.00157555373363979,0.00149532354516054,0.00196527857213971,0.00145511786783959,0.00143743110407153,0.00116719288924969,0.00192995651187016,0.00137244266021743,0.00132398923516114,0.00181822108766421,0.00157643834181778,0.00196828335736307,0.00117018241759483,0.00190542136799104,0.00175049849347238,0.00145631467348151,0.00132497645169321,0.00166599963414144,0.00149373261153597,0.00132370160778942,0.00121426969446045
"111","ED05_S_Wi19_S51_metabat2.387",0.00265666489110696,0.00241516010822942,0.00259608833282927,0.00230619111302236,0.00271450140679521,0.00227876350016333,0.00260652024829501,0.00200914495896622,0.00184852570815484,0.00310969298213128,0.00199084670806992,0.00271232570288117,0.00197527944570635,0.00270972286725515,0.00270826446463095,0.00232025565168134,0.00207796945715641,0.00237931499123906,0.00232499481552257,0.00215690797737952,0.00227004023101539
"112","ED05_S_Wi19_S51_metabat2.408",0.00156064405263714,0.00156909627403855,0.00236692435052356,0.00168352505283944,0.00144775259043533,0.00098943836065375,0.00236718034656911,0.00167142661400099,0.0015960202222457,0.00195432426571512,0.00198188115650032,0.00243027240886555,0.00116477086014269,0.00238084971829226,0.00210693697256993,0.00161980075059582,0.00140416192603333,0.00184943238067741,0.00151642029917992,0.00128702828838491,0.0010236673274314
"113","ED05_S_Wi19_S51_metabat2.425",0.00211572031078001,0.00190840378892556,0.00199676398979805,0.00179485173645436,0.00219908228566224,0.00184938679275421,0.00199118994571517,0.00156238117357606,0.00143374563770209,0.00250271341497544,0.00154058255410224,0.00207015309124641,0.0015624232496408,0.00206124365344803,0.00205874538308363,0.00178751283192596,0.00161134402241613,0.00185689237904717,0.00183251739008069,0.00170938700855592,0.00184964762783827
"114","ED05_S_Wi19_S51_metabat2.437",0.00229344046243777,0.00196452753531313,0.00207454677538915,0.0020848463910144,0.00263418585512104,0.0018573012076078,0.0020748956666626,0.00161240531598043,0.00148104259611614,0.00260741862117648,0.00153986167682787,0.00211438592503508,0.00152452713720824,0.00205523893696842,0.00203281615115987,0.00175358038917541,0.00156796706538214,0.00185339249806677,0.00179990526345966,0.00168349853856975,0.00182237861495853
"115","ED05_S_Wi19_S51_metabat2.443",0.0020828667122671,0.00186145970001972,0.00197326141562942,0.00173947678431616,0.00207774664330465,0.00185052692700313,0.00199404213508224,0.00155529125249601,0.00145220704572728,0.00246039955844883,0.00157095979563754,0.00207160640696011,0.00160409467162698,0.00210065991461094,0.00210790040666692,0.00183772917948307,0.00168683462296865,0.00191956026730483,0.00192090583538571,0.00174399201864929,0.00184724024705545
"116","ED05_S_Wi19_S51_metabat2.448",0.0018748046771199,0.00171563336340661,0.00174727401070141,0.00156253380357467,0.00186210237005913,0.0016572473059906,0.00177275605526276,0.00143218995186487,0.00134486393838888,0.00216602315821922,0.00144713342553438,0.00182584733280944,0.00141944858532673,0.00186688059430711,0.00186535804867909,0.00163472924990583,0.00146773171758558,0.00167056049455277,0.00165998330633484,0.0015219175385677,0.00165165839156821
"117","ED05_S_Wi19_S51_metabat2.450",0.0012435040925216,0.00113088541329217,0.00126311313048046,0.00106670764495743,0.00121041750466044,0.00100728486465329,0.00126620361501652,0.0009764023811674,0.00091073962322867,0.00146302869177113,0.00102002105815007,0.00131641762256735,0.00091837451992975,0.00132155978808788,0.00128278310836643,0.00108390831452123,0.00097950565547898,0.00117640721912199,0.00112275021252846,0.00101668079794803,0.00103117116464287
"118","ED05_S_Wi19_S51_metabat2.486",0.00161004484706183,0.00151204359254484,0.00189371113914401,0.00152208227703978,0.0015634560553997,0.00118348706055439,0.00181402178784147,0.001379629565562,0.0013361015105826,0.00190359003871579,0.0014914323180221,0.00187850363989774,0.00113286463184013,0.0018214778387603,0.00168652024293003,0.00139755094088833,0.00127432627362684,0.00154121515977003,0.00141864438599997,0.00125905044749137,0.00120332797065133
"119","ED05_S_Wi19_S51_metabat2.53",0.00154763504955284,0.0013996064125323,0.00156673646072347,0.00143677216349459,0.0016612312311279,0.00121191076601625,0.00151091893665443,0.00118370214841535,0.00107563299369948,0.00174885582998608,0.00116011860625827,0.00155025156389423,0.00102844304910396,0.00149792327546655,0.00143527089113547,0.00121991017327448,0.00109246153925888,0.00131250250613486,0.00125838745882631,0.00116427437469346,0.00119167713302005
"120","ED05_S_Wi19_S51_metabat2.536",0.00098200212371874,0.00093270626774081,0.00172352161072031,0.00108844774811811,0.00089616329128227,0.00054483077994223,0.00151479005935826,0.00100124661171588,0.0009891586447649,0.00124902446755207,0.00129121890357359,0.00154607713004074,0.00062405988065062,0.00144664023432225,0.00115412743130711,0.00086575499380115,0.00080903699179076,0.00110284864450772,0.00088726954583387,0.00073156408183951,0.00054942439818082
"121","ED05_S_Wi19_S51_metabat2.541",0.00110707549080682,0.00104503826519957,0.00172857698987501,0.00115681638576471,0.00101887407828535,0.00068562392677367,0.00155726733714463,0.00103024122682474,0.00102561406420026,0.00132997317063438,0.00129152093934382,0.00160064990485473,0.00073511027970767,0.00150058667210082,0.00126755174421104,0.0009887657201559,0.00091353683829441,0.00119958844728447,0.00102352818379048,0.00086787537194553,0.00070421545548184
"122","ED05_S_Wi19_S51_metabat2.549",0.00200202806359952,0.00176255615802878,0.0018428626469864,0.00186185058556314,0.00227168357375565,0.00161674925644282,0.0017864998219333,0.00141725440858327,0.00131312303729549,0.00223805048538653,0.0013362554160964,0.00182816918940559,0.0013325116426212,0.00178297553054226,0.00176829524361068,0.00152806640180474,0.00137158244814813,0.00159032703786511,0.00157047797338998,0.00145789849531459,0.00158245643325838
"123","ED05_S_Wi19_S51_metabat2.553",0.00234671309290119,0.002072172520843,0.00212972388880121,0.00212293143948326,0.00264853054510137,0.00194709880536328,0.00207666480895229,0.00165381983837407,0.00151401456105188,0.00265081929025281,0.00154569454584482,0.00216207684966708,0.00159569200832777,0.00208851738378963,0.00207620047900394,0.00180573589081558,0.00162814267676482,0.00187840246311885,0.00188249739212204,0.00174180679392773,0.00190023429560484
"124","ED05_S_Wi19_S51_metabat2.555",0.00143290375515753,0.00135747771767082,0.00164372272607083,0.00138445615975818,0.0014032684722109,0.00109359394841042,0.00161653564875262,0.00130126266675666,0.00119027567753055,0.00176384260229211,0.00131634158255216,0.00169080545222686,0.00109596741671383,0.00164381356937646,0.00153986662605476,0.00129488884044134,0.00114819120290592,0.00141236653616169,0.00130511056112804,0.00118622691682663,0.00117086727141991
"125","ED05_S_Wi19_S51_metabat2.557",0.00464238017108262,0.00397475932788444,0.0035271436968088,0.00389657368267278,0.00558903088391614,0.0044583399262398,0.00368329771155509,0.00301779422336089,0.00256162856839039,0.00591358044290454,0.00257435508045971,0.00378268077927086,0.0035113289663145,0.00391679751556485,0.0043540797173908,0.00393590086368266,0.00333660495224935,0.00367531157541,0.00383204694470516,0.00394164510067548,0.00469230149908482
"126","ED05_S_Wi19_S51_metabat2.62",0.00239819566589318,0.00215739980914936,0.00226255376671462,0.0022062693869592,0.00256403375935716,0.00198352706690313,0.00226243677821359,0.00192876684939359,0.00163236381226383,0.00286935597709882,0.00169923410871138,0.00235677342989232,0.001802351154363,0.0023457034300976,0.00233343584301138,0.00203646637664538,0.00177014939260962,0.00205482802550338,0.00198186936230582,0.00191803515841679,0.00213432031543114
"127","ED05_S_Wi19_S51_metabat2.632",0.00118469408276896,0.00112295068687866,0.00189142611798245,0.00126301911689415,0.00111670270466783,0.00074216772833927,0.0016840994423942,0.00112301890341557,0.00109634375930852,0.00143966416338228,0.00140362319882238,0.00171786074088197,0.00077329791105157,0.00161166039055958,0.00134814712394973,0.00103382119040942,0.00094905961123908,0.00127222073250693,0.0010715688716591,0.00090371598447,0.00074320077206617
"128","ED05_S_Wi19_S51_metabat2.635",0.00162762456468971,0.0014888959496923,0.00156567309728846,0.00136960040180133,0.00156083014866215,0.00137178964759404,0.00158498829021123,0.00128513577934129,0.00122225670704711,0.00190017661637761,0.00132432279300693,0.00162471789074409,0.0012289409262908,0.00168220467687262,0.00166305630428766,0.00143325716964377,0.00128137944936823,0.00146957714514671,0.00145257636492273,0.00130321950824987,0.00137856038646031
"129","ED05_S_Wi19_S51_metabat2.637",0.00093870847371495,0.00090307897050022,0.00223018288108211,0.00128617585542483,0.00090054498628334,0.00039406498936914,0.00185467428993281,0.00109336614017429,0.0010958863718358,0.00130685248586154,0.00156271478830366,0.00184704566676658,0.00051196626587496,0.00163958889133182,0.00116397785869448,0.00080400745064162,0.00074391239989588,0.00113368206033555,0.00082766942928206,0.00063696053917819,0
"130","ED05_S_Wi19_S51_metabat2.65",0.00069221134743111,0.00065910226510569,0.00131969493496218,0.00081092647262153,0.00062629706326682,0.00034879421401674,0.00115781816365926,0.00072643569313791,0.00072094092858436,0.00093218482842642,0.00097498509059958,0.00118123253496392,0,0.00109566264200357,0.0008344193248061,0.00061171446585101,0.00056209934724352,0.00079109776407886,0.00062592059495111,0.00050070573856112,0
"131","ED05_S_Wi19_S51_metabat2.662",0.0010657627510525,0.00100970300720347,0.0019648966463256,0.00123273427989363,0.00095073898253814,0.00054497800463855,0.00172835716958398,0.00114059985225663,0.00113670541334843,0.0013731760079872,0.00151616410046604,0.00176056466806547,0.00068197859413115,0.00164579457149551,0.00135407749934992,0.00099450370798023,0.000950540674859,0.00127578783732827,0.00102368832554302,0.00082491176794683,0.00056591191537589
"132","ED05_S_Wi19_S51_metabat2.672",0.00114494125023974,0.00117522795714748,0.001729152195098,0.00127511479782977,0.00113868709023084,0.00071875344935386,0.00160716767495259,0.00122213193741406,0.00114217192158504,0.00139701667209921,0.00134159905135121,0.00163060711397739,0.00077360309228289,0.0015211180739038,0.00128371293274023,0.00101621499748942,0.00092550094189489,0.00119689125350074,0.00103189225152151,0.00086995451485728,0.00072271464181812
"133","ED05_S_Wi19_S51_metabat2.681",0.00233923053708981,0.00208199815162726,0.00200929789811513,0.00192417758620372,0.00258518746413453,0.00218075903390827,0.00206032693177121,0.00161387791113587,0.00143004407489236,0.00283767727446173,0.00151256098569628,0.0021102054870171,0.00172042158653497,0.00214173784715014,0.00227444013350431,0.00199016889510684,0.00175938251090026,0.00197858667736148,0.00202622476818363,0.00193214255875358,0.00224447761886904
"134","ED05_S_Wi19_S51_metabat2.755",0.00133188494150361,0.00122693347589986,0.0013489809826291,0.00115759534804479,0.00128668630198501,0.00108631484624535,0.00134904716854181,0.00107969303159634,0.00102271004804804,0.00153884638933781,0.00112023320238012,0.00138423179701541,0.00097989907635446,0.00139792139423576,0.00133237144296262,0.00114832665791476,0.00102779936475775,0.00121392066711466,0.00117243232272906,0.00105748955840952,0.00108923460503205
"135","ED05_S_Wi19_S51_metabat2.772",0.00110808699126691,0.00107403575598194,0.00186575660484799,0.00121900897806643,0.00101957201349005,0.00065441569415647,0.00170198158261896,0.00110915530556471,0.00111076647841263,0.0013455560590415,0.0014596207698931,0.00174739507208065,0.00075305072299977,0.00163373077850289,0.00135336346011126,0.00102088349079313,0.00095095350731599,0.00129101668808237,0.00106166973434377,0.00086864506226047,0.00064252118532896
"136","ED05_S_Wi19_S51_metabat2.856",0.00144873415754215,0.00139357281734947,0.00242789111477212,0.00159304125215818,0.00136363009912102,0.00084124406407269,0.00216352900371726,0.00141089205348624,0.00139831024086006,0.00172692708620092,0.00178922102813044,0.00222588726248624,0.00095297878722046,0.00204727955618877,0.00170576140774578,0.0013271393723941,0.00121920013282395,0.00159108082948753,0.0013112857288027,0.00109521780808569,0.000833734916947
"137","ED05_S_Wi19_S51_metabat2.877",0.0011526294194591,0.00115933460428893,0.00180666187106339,0.00124758344221581,0.00106976016401657,0.0007308061984374,0.00170292518531768,0.00114669467263018,0.00110631474555232,0.00137111370448763,0.00138496473929345,0.00172863636871552,0.00081499002842393,0.00161564288317085,0.00136880736224725,0.00107078157592188,0.00100064945686181,0.00133638511616545,0.00112405021558465,0.00096638927247079,0.00075970725606753
"138","ED05_S_Wi19_S51_metabat2.91",0.00127196403181225,0.00118070770482343,0.00158310180366561,0.0011666988569231,0.00114241157433524,0.0009293319721847,0.00153584895724404,0.00110399061748037,0.00105457415258401,0.00154989972726307,0.00127364160857501,0.00158839472772722,0.00092313671337034,0.00156359322774126,0.00146422801097001,0.00118591477831772,0.00108322845127446,0.00134181097988015,0.00120056685164176,0.00106011509161347,0.00099726042247918
"139","ED05_S_Wi19_S51_metabat2.913",0.00236976568129037,0.00211367973082816,0.00203095632893795,0.00196128869117094,0.00249429114427283,0.00217819797920649,0.00206889327330851,0.00165567802878057,0.00155593548780963,0.00265153121265721,0.00160678897053811,0.00215243077452329,0.00176871849338961,0.00213796204516733,0.00214517593299069,0.00193509968379273,0.00177433875674145,0.00196447239728419,0.00202413814687855,0.00191079918796465,0.00215085821882888
"140","ED05_S_Wi19_S51_metabat2.915",0.00134294354285091,0.00133263782369909,0.00226319127989702,0.00149598384979605,0.00124903975591922,0.00078749520336617,0.00214591624946277,0.00140005500701259,0.00138189342763168,0.00161777930558487,0.00180935424330971,0.00216838645678679,0.00091964965857771,0.00204682492255721,0.00168516869017702,0.00128841938883053,0.00118851280369996,0.00158865144045993,0.00128130512816079,0.00105971074933935,0.00077952872032219
"141","ED10_S_Wi18_S52_maxbin.001",0.00293289984678111,0.00252232078889985,0.00250448595070813,0.00265360636472525,0.0035654733026711,0.00253948221551849,0.00243494995373833,0.0019501974947752,0.00176977180498159,0.00334394865163189,0.00173788463558871,0.00252668081630528,0.00197426681877804,0.00244552652041286,0.00248936691514046,0.00217396107074047,0.00196891610592822,0.00220711001969336,0.00225457563489333,0.00213551531707224,0.00242758780949352
"142","EL05_S_Wi19_S53_maxbin.052",0.0019165074297995,0.00176031689598852,0.00179118205549289,0.0016260631705888,0.0019101554872037,0.00164618242592001,0.00180068874606286,0.0015120890615412,0.0013592065540238,0.00231043942331753,0.00145320968524467,0.00190713959413502,0.00147794939440097,0.00193500342441628,0.00193787460837165,0.00169328231509284,0.00149824439279765,0.00172944191438737,0.00170500853235472,0.00159978771030688,0.0016983878875507
"143","EM05_S_Wi19_S55_maxbin.028",0.00108819553746005,0.00102532620284741,0.00196796838714623,0.00124818827974071,0.00101688468465056,0.00058327464326827,0.0017242440866751,0.00112546140812497,0.00110598062218366,0.0013993532802525,0.00144635453898417,0.00174710964333773,0.00067817558977618,0.0016095546513047,0.00127878268093564,0.00094960751483244,0.00088281386393006,0.00121066677873831,0.00096961980776364,0.00080542514845442,0.0005834330695284
"144","EM05_S_Wi19_S55_maxbin.033",0.00084879150788693,0.00079752452325049,0.00174184252668591,0.00109060159718335,0.00081666594577742,0.00039359954542565,0.00146821187786797,0.00095194474950157,0.00094398477708794,0.00114232665519075,0.00123756310883805,0.00146856897029529,0.00048108188488415,0.00130827878972736,0.00098706678723611,0.00070531349108607,0.00064851544694208,0.00093008379743055,0.00072565548776,0.00057140070221687,0
"145","EM05_S_Wi19_S55_maxbin.040",0.0009054744217712,0.00086899251016597,0.00224234258525785,0.00130021742684728,0.0009048315273724,0.00035599527736989,0.00181549153219411,0.00108532106292442,0.00108749103690633,0.00129083025183098,0.0015460677005028,0.00182068005647315,0.00047390401828538,0.00160559705712,0.00110760722255723,0.00075937692601643,0.00069532024909488,0.00105645722649193,0.00076556052737898,0.00059030247549935,0
"146","EM05_S_Wi19_S55_maxbin.041",0.00347694126987644,0.00299201917067783,0.00282246888969564,0.00318959009848376,0.00450258270400857,0.00311826896185241,0.0027617605746358,0.00223906959280673,0.00198684416885377,0.00392943251097829,0.00192152710697995,0.00283937169904792,0.00230403955304468,0.00275735113788257,0.0028601074361569,0.00251334057230819,0.00223973528493251,0.00249070571362367,0.00257989539592063,0.00246279334512849,0.00291745038958848
"147","EM05_S_Wi19_S55_maxbin.044",0.00124024808537488,0.00113863112491935,0.00143610648737883,0.00118343529771379,0.00127567599863383,0.00090223006509132,0.00137209148733953,0.00102763034619146,0.00097034952520208,0.00145222133303496,0.00109241397008607,0.00139935490180225,0.00084575097742043,0.00133476361051363,0.00122896175634272,0.00102379089065729,0.00091018936969799,0.00114334029951013,0.00105205550109125,0.00093539508127761,0.00089694023332752
"148","EM05_S_Wi19_S55_maxbin.053",0.00155214717908394,0.00140471561165366,0.00172195518030512,0.00139453653560862,0.00151045096309182,0.00121645083381536,0.00165394210703921,0.00123994967639802,0.00117647683129954,0.0018672773366594,0.00135195513007147,0.00173844286281839,0.0011299398185309,0.0017095628413619,0.00161273066475797,0.00133891110669868,0.00122223257981356,0.0014671506341114,0.00137468011440644,0.0012460933265696,0.00122577250462634
"149","EM05_S_Wi19_S55_maxbin.054",0.00101830123371386,0.00100123124455967,0.00172371872126683,0.00115540352951513,0.00100004160312516,0.00059866146626204,0.00153631648835364,0.00102237687016713,0.0010062475870646,0.00128265721954838,0.00126635956733053,0.00156690828624607,0.00065413922794457,0.00144820182198632,0.00117368132723245,0.00089005666082435,0.0008238849040583,0.00111544240552221,0.00092137358218279,0.0007596788231086,0.0005950803081452
"150","EM05_S_Wi19_S55_maxbin.073",0.00095223696428767,0.00093292848479839,0.00251166012716889,0.00142991986951002,0.00094793224980378,0.00035531076185011,0.00204116798985793,0.0011887619904545,0.00121125817618787,0.00134334962377399,0.0017155011085953,0.00201035099706303,0.00049826464148483,0.00174375165795958,0.00117449110731605,0.00078289150809761,0.0007467329945637,0.00113754056944978,0.00081040193345683,0.00060975400354627,0
"151","EM05_S_Wi19_S55_maxbin.181",0.00113061657658534,0.00108799746514282,0.00206207389798559,0.0013266370436732,0.00111387625308927,0.00061903182219859,0.00180903859847313,0.00115582845595809,0.00114264459574783,0.00141347271867752,0.00149202975906599,0.00181235551333004,0.00070083831638203,0.00165956269700615,0.00130159611744554,0.00097228296515917,0.0008906296070739,0.00124006992328258,0.00100109562634103,0.00081282032573308,0.00060461589699865
"152","EM05_S_Wi19_S55_maxbin.268",0.00073532040528295,0.00070663813896588,0.00146199419716619,0.00090604511491269,0.00070084967783623,0.00035935628106686,0.00123237856471646,0.00079520262174881,0.00079265264187591,0.00098323143152302,0.00105048561636152,0.00125988351814221,0.00043520970331594,0.00113775856187272,0.00085352852793977,0.00062495813653212,0.0005807974114209,0.00082419903783025,0.00064242205693022,0.00051732505387423,0
"153","EM05_S_Wi19_S55_metabat2.141",0.00089250129689019,0.00086573501712214,0.00215386112507306,0.00123069890268782,0.00086409295465617,0.00036249450314566,0.00176602525523622,0.00105126225670625,0.00105507048471953,0.00125170102010954,0.00151061673639229,0.00176052590271624,0.00048544093893217,0.00156602007401042,0.00109743412174176,0.00075276763734965,0.00070418139180978,0.00106128964819669,0.00077386180042893,0.00059825713086723,0
"154","EM05_S_Wi19_S55_metabat2.163",0.00133025253141267,0.00122270560795313,0.00146279428125889,0.00121932200332247,0.00137241499804684,0.0010166657950951,0.00139383557827427,0.00105694682594638,0.00099917112345318,0.00154945164520434,0.00109969873619215,0.00143468981013381,0.00091598533013567,0.00138492429306383,0.00130864200759256,0.00109466088689185,0.0009777505350982,0.00120880402095039,0.00113169134806287,0.00101292100021693,0.00101765780103025
"155","EM05_S_Wi19_S55_metabat2.173",0.00153548054969007,0.0014204591760379,0.00145870298264678,0.00128610251909776,0.00155117194268323,0.00135657297479676,0.00148144444872375,0.00118152594061715,0.00109202533002531,0.00180399341451313,0.00117384966827991,0.00152672429150588,0.00114168682258568,0.00154600026902894,0.00151526055938873,0.00130738266499997,0.00116294720636743,0.0013803437521522,0.00134193354590478,0.00123517790198352,0.00135037254518492
"156","EM05_S_Wi19_S55_metabat2.185",0.00151640165291003,0.00180516994227593,0.00208417391939395,0.0020166103791027,0.00157225575045116,0.00099768644899792,0.0022734121965625,0.00210595158069687,0.00163050475056851,0.00197788623754147,0.001832584233421,0.00234034018562205,0.00126583898269296,0.00224702358487942,0.00186915213115596,0.0015534951540401,0.00133479574468169,0.00185082036062165,0.00146055272910328,0.00133933980935187,0.00124198354552939
"157","EM05_S_Wi19_S55_metabat2.204",0.00102427247439022,0.00100675077892352,0.00261749144357247,0.00150310617262904,0.00102940198318844,0.00040897050479207,0.0021663148840796,0.00124151667983027,0.00126188927089676,0.00142502383927114,0.0018219158855614,0.00211365618811951,0.00054938799967505,0.00186585629815075,0.0012525186908128,0.00086566858952739,0.00079784974475226,0.00122706866885466,0.0008796671010055,0.00067072284990897,0
"158","EM05_S_Wi19_S55_metabat2.265",0.0008886315798326,0.00086697843517548,0.00221676543520906,0.00127291021585572,0.00087318020919303,0.00036779543656775,0.00181953511845449,0.00108330135474313,0.00108806443943761,0.00130104663925574,0.00156590166532592,0.00179574152831317,0.00048853286327841,0.00159490445386034,0.00110679061340637,0.00075655118895048,0.00070705991970049,0.0010653122634607,0.00077725381594331,0.00059201142553025,0
"159","EM05_S_Wi19_S55_metabat2.360",0.00209379776539774,0.00183860196763178,0.00191745498588758,0.00190533931273146,0.0023900648857323,0.00173910541412669,0.00186109267079826,0.00149826069115862,0.00134731778578314,0.00236224660105592,0.00138628320899291,0.00192506815247987,0.00140161606090208,0.00187428195020292,0.00185359317262694,0.00161606811514788,0.00143687400576584,0.00167023446346843,0.00165487448423963,0.00154944941866548,0.00170461079952011
"160","EM05_S_Wi19_S55_metabat2.368",0.00348206800025366,0.00310978860743314,0.00282632794415018,0.00310925312912871,0.00450866449901953,0.00355135852565427,0.00274820169130364,0.00227616314672664,0.00204904234403571,0.00401267346053693,0.0019777520828893,0.00281023348875298,0.00255924711376595,0.00285756148601332,0.00293263695099176,0.00269963460575453,0.00243602857579905,0.00257781769306013,0.00276703169354256,0.00261525642348479,0.00315185276278721
"161","EM05_S_Wi19_S55_metabat2.38",0.00225268619460886,0.00198496094152448,0.00217713305881616,0.00254654780543281,0.00291807651671102,0.00169196664548185,0.00194802173110664,0.00155378450041264,0.00145508139842139,0.00223935308788784,0.00143635902000605,0.00200952747201899,0.001360543728282,0.00185603544607481,0.00178984396364441,0.00152889564940631,0.00140378722388792,0.00164963761179196,0.00159968491292938,0.0014716109066101,0.00154389716800768
"162","EM05_S_Wi19_S55_metabat2.60",0.0018607907472329,0.00168372107745347,0.0016320159277011,0.00151189986493845,0.00191940320558336,0.00172179346319556,0.00167554422753796,0.00137253526195741,0.00122457439977525,0.0021945614812423,0.00130597911554526,0.00174792522441028,0.00139764860394181,0.00178616736795205,0.00181804332481949,0.00158648641389312,0.00140041540935936,0.00161005552353142,0.00161782837923996,0.00151314245664346,0.00171892519578459
"163","EM05_S_Wi19_S55_metabat2.75",0.00227447437732377,0.00198399135114782,0.00208344570625538,0.00211845867222573,0.00257322637685304,0.00179003303105653,0.00196238266771108,0.00157238390112151,0.0014600085655413,0.00244885135000031,0.00147242419819742,0.00203060504529332,0.00147736891405691,0.00197091243747412,0.0019387409625909,0.00168194712479526,0.00151149797655842,0.00176071560244607,0.00173746256953718,0.00160792458549141,0.00171913206713665
"164","EN_LasArenas_S_Wi19_S59_maxbin.002",0.00399063021457667,0.00454740156179106,0.00517572023667659,0.00594419060381677,0.00453923681882629,0.00315774329570675,0.00716038133495956,0.0065797032236088,0.00303047423424655,0.00614943507420569,0.00380228065658138,0.00719615649288382,0.00544047143046266,0.00799295108626299,0.00695083656066253,0.00591361207886375,0.00438430437907185,0.00632974414971645,0.00467105035444954,0.00588058641671327,0.00867231412544541
"165","EN_LasArenas_S_Wi19_S59_maxbin.003",0.003205941160776,0.00440847569383755,0.00435604923006459,0.00575235817390351,0.00348999781822317,0.00157443789194395,0.00554535470473655,0.00732802531122648,0.00419258464028477,0.00303794723998042,0.00466338506136488,0.0052313179864116,0.0057552125841561,0.00589204910872017,0.00498562415829281,0.00521773744316374,0.00407372483707764,0.00515328815619883,0.00363371653028619,0.00582938890615056,0.00496125153203901
"166","EN_LasArenas_S_Wi19_S59_maxbin.027",0.00136160632471081,0.00123058113065428,0.00138445598071033,0.00110706765260482,0.00125390863223698,0.00112649465095946,0.00140771581218449,0.00106543677961901,0.00096627971694765,0.00165188293202886,0.00112819170565489,0.00146424957435748,0.00103911062892707,0.00150453731432631,0.00153715126839865,0.00128953246845336,0.00111635122785588,0.00134586873694474,0.00127325313467898,0.00117558007805968,0.00120395722234226
"167","EN15_06_02_2018_S56_maxbin.002",0.00175034762051045,0.00223491156207,0.00222066280103998,0.00239239784070924,0.00176411506991332,0.00112167494834872,0.00243229981888501,0.00324345037865904,0.0024130837973266,0.0018234056766496,0.00244074270295922,0.00238061181037328,0.00200328535086236,0.0020452948790252,0.00170439900882712,0.00175083689847388,0.00147998661334844,0.00173349230985063,0.00148030680240477,0.00181599384425823,0.00151480838543858
"168","EN15_06_02_2018_S56_maxbin.009",0.00193806266906569,0.00175572461560315,0.00161427657248915,0.00160696506476279,0.0018648108162424,0.00179777601638886,0.00187967203291638,0.00164886330347836,0.00133443377515903,0.00247661845934485,0.00166572908937431,0.00193431241046129,0.00228368639788543,0.00216290457227321,0.00231362759780637,0.00224677700501544,0.00192771770211393,0.00236932029961859,0.00222092368961666,0.00240823775482045,0.00270447456912031
"169","EN15_06_02_2018_S56_maxbin.010",0.00219759075878376,0.00199988823437445,0.00213751092848902,0.00202575677743238,0.00224021117961365,0.0018645490942481,0.00218461256073405,0.00190962746144305,0.00158468553585859,0.00266857658033139,0.00168352955053792,0.00230265527809768,0.00184975974121055,0.00229909437181496,0.00222254103001142,0.00196213470205435,0.00174725951805843,0.00201991131421623,0.00192929869677538,0.001935285480499,0.00221636222575504
"170","EN15_06_02_2018_S56_maxbin.024",0.00124429018636358,0.00115527451288245,0.0019538646330587,0.0012954089596113,0.00112262652516526,0.00075283174478155,0.00179579652483028,0.00123645670397357,0.0011953580470177,0.00159325632587695,0.00158233530563479,0.00184615064597917,0.00084234327176701,0.00180483457280073,0.00151742175832206,0.00115308429095889,0.00106965425449664,0.0014315042760424,0.00117808712160262,0.00099351391684833,0.00078718551564888
"171","EN15_06_02_2018_S56_maxbin.025",0.00104081536010175,0.00101036935016946,0.00218446701450552,0.00132145544177554,0.00097867015196184,0.00049625072399394,0.00189958187544114,0.00119137902669478,0.0011817375758349,0.00138555068321389,0.00162592279731127,0.00188769946428557,0.00062457881325269,0.00174029870863718,0.00128372772905263,0.00092326041172798,0.00085418926040922,0.0012525754359651,0.00095129255214258,0.00074173397302135,0.0004867432782587
"172","EN15_06_02_2018_S56_maxbin.033",0.00134280684448845,0.00142073171485003,0.00214946303846253,0.00156747835479724,0.00127570640201489,0.00078544598092461,0.00210744150950527,0.00164388642831606,0.00145102399543727,0.00167271408832745,0.00182028778075547,0.00212960663598321,0.00099575059803277,0.00212617556490854,0.00181312418698711,0.00139989804423352,0.00121585883807635,0.00169874661189475,0.00129625075236352,0.00116821218665091,0.00089116453489686
"173","EN15_06_02_2018_S56_maxbin.049",0.00109679643372345,0.0011968716912161,0.0026023073680686,0.00169470768402483,0.00106515529645115,0.00045690491110756,0.00260137924048818,0.00182793292178803,0.0016991189982847,0.00159411550575168,0.00267218124504418,0.00247505497779728,0.00068766689769051,0.00243071639728146,0.00165484150546106,0.00113451692799824,0.00110445919132088,0.00172854804027713,0.00114227041393235,0.00089402287264965,0
"174","EN15_06_02_2018_S56_maxbin.051",0.00299252108919736,0.00268264477817117,0.00263673504003517,0.00247592852332574,0.0031158362737575,0.00279492243680828,0.00267375739866699,0.00217918557308441,0.00190801823018665,0.00363602069086157,0.00204215252160925,0.00276548953121755,0.00235537286003875,0.00282980142478124,0.00302129719135969,0.00268505420369598,0.00241406155574422,0.00265136221095416,0.00266676592531032,0.00258364619742399,0.00291397626091506
"175","EN15_06_02_2018_S56_maxbin.164",0.0022826803725577,0.00209545655918618,0.00169757768121552,0.00175643982972271,0.0022251747917368,0.00227547921757375,0.00183676063413573,0.00168091879416429,0.00150387250946682,0.00234827896304759,0.00156768433033704,0.00188250847919718,0.0022259388672171,0.00199363679958841,0.00208289018642713,0.00199635633834083,0.00182423308486352,0.00184072908963889,0.00197599300541847,0.00213773082204399,0.00301094486783619
"176","EN15_S_Wi19_S60_maxbin.018",0.00502358559943191,0.00497425892690013,0.00384781942067696,0.00422758737356561,0.00645142712293142,0.00520057141612639,0.00340331072071783,0.00287702666520482,0.00267327145161043,0.00500945840362138,0.00241703822361467,0.00353000595450174,0.00333869794820937,0.00356703510733958,0.00363601233331877,0.00343888061253693,0.00312108113186658,0.00322727194629716,0.00350176376955881,0.00335376548257218,0.00408617441189795
"177","EN17_S_Wi19_S61_maxbin.001",0.00162353589427474,0.00155368725405823,0.00194552148443859,0.00168183535819429,0.00160769806537536,0.00112932728072673,0.0018843189559396,0.00165865797819833,0.00150856500769572,0.00214447996303042,0.00154166598935059,0.00199622304405302,0.00116522551926899,0.00184080397909006,0.00166318930372016,0.0014252093172938,0.00130057445013181,0.00153160787620628,0.00136639801670789,0.00128073951780323,0.00122672386811286
"178","EN20_20_06_02_2018_S57_maxbin.006",0.00200124945842951,0.00207624659362783,0.00243053667865399,0.00210640648682683,0.00206905776536059,0.00145645267532254,0.00245064116024462,0.00220336727297592,0.00181057662137985,0.00235203825115164,0.00201922387091467,0.00254582024528057,0.0016641697433943,0.00273632115504074,0.00268944235012882,0.00223279096515407,0.00187214393785693,0.00192004952599392,0.00176586616600044,0.00170181768619398,0.00155842419404739
"179","EN20_20_06_02_2018_S57_metabat2.10",0.00091299649176487,0.00088384457255325,0.00217567069279075,0.00124925652299203,0.00087498989563069,0.00038336356547013,0.00176574462229643,0.00106490060617732,0.00106915262000858,0.00127185646167443,0.00152688588588925,0.00177372693589055,0.00050433501888921,0.00159599753459982,0.00112727145478499,0.00078759082099242,0.00072593861749242,0.00108535663150169,0.00079791786075258,0.00061661012508222,0
"180","EN20_20_06_02_2018_S57_metabat2.149",0.00232494682237755,0.00226837749016694,0.00273977571420525,0.00236806957485359,0.00244557944570199,0.00188755902984178,0.00254165374257678,0.00195940012722914,0.0017549723781579,0.00231542016214622,0.00190000832995338,0.00262620430744744,0.00162140981139715,0.00242147764163091,0.0023046916963431,0.00198486431462106,0.00187480090611638,0.00209873516057549,0.00196428914896879,0.00187666342081495,0.00190159688248535
"181","EN20_20_06_02_2018_S57_metabat2.156",0.00145462162622574,0.0014967078417116,0.00192319486163353,0.00173790292327656,0.00144022754384892,0.00098215759536646,0.00204934688231721,0.00187634787477962,0.00136745478489208,0.00188178816738529,0.00163547361887628,0.0021164190275049,0.00129176777774827,0.00218000669816553,0.00207716240668903,0.00160565207812295,0.00134358482033111,0.00182197427420586,0.0014593413431263,0.00144574703091603,0.00142975528767327
"182","EN20_20_06_02_2018_S57_metabat2.16",0.00246007762038587,0.00235013969418252,0.00212137931464152,0.00224301491550553,0.0027341497666154,0.00239646752119686,0.00236939064672705,0.00223041240065934,0.00158507998705771,0.00305751336044945,0.00179829239515884,0.00237528029704511,0.00223417542901032,0.0027402816280103,0.00278159341552106,0.00236891340327796,0.0020546127775076,0.00252865582878319,0.00231664526714707,0.00246219379617486,0.00295420316551323
"183","EN20_20_06_02_2018_S57_metabat2.176",0.00277147201131579,0.00247154905250503,0.00232535056740683,0.00240417657466011,0.00320219918938276,0.00272668632312423,0.00232256265621075,0.00212088896396969,0.00192871956293733,0.00336642186947845,0.00200246718312501,0.00242115519284673,0.00234669459476749,0.00277685475223691,0.00271733256210704,0.00249031596701622,0.0023046558291824,0.00251580150343527,0.00263331516806553,0.00240380169816859,0.00279784542122078
"184","EN20_20_06_02_2018_S57_metabat2.221",0.00345258960157625,0.00303660743935913,0.00275567077757768,0.00294228766798896,0.00420315107589015,0.00339960425199235,0.00275805433731654,0.00229420576609215,0.00207964014041611,0.00406974160311942,0.00203178094145411,0.002849195405089,0.00255098615497275,0.00292613812286904,0.00299320696135752,0.00272133597463794,0.00244970380625381,0.00264484249810713,0.00279768530000793,0.00266262213661042,0.00312976920996411
"185","EN20_20_06_02_2018_S57_metabat2.8",0.00279688413335612,0.00248263620148375,0.00231067523134275,0.00235625625838583,0.00314731073767889,0.00260086831257055,0.00241565075549938,0.00198854659179528,0.00168440610504587,0.00346381409691516,0.00175701204379899,0.00250720484621239,0.00211836290381476,0.00257728314438463,0.00277020042235227,0.00242549233688146,0.0020468524436862,0.00228228139089161,0.00232860872599781,0.00227762019473528,0.0027338902141841
"186","EN20_20_06_02_2018_S57_metabat2.90",0.00424666333386652,0.00384696336558975,0.00338165568074312,0.00400530218535845,0.00613310568116969,0.00437166720720561,0.00289408402778526,0.0024510472868252,0.00224938852119001,0.00411171357381179,0.00201974992058464,0.00295883963906652,0.00279965097871924,0.00291582227292264,0.00297344852817253,0.002807881033745,0.00258538267652055,0.00262076672935198,0.00287668100881111,0.00276084453926058,0.00340495381569461
"187","EO10_S_Wi20_S115_concoct.126",0.00110166366114978,0.00105609672293293,0.00132123300307935,0.00110926036243646,0.00112763287399258,0.00082199800434421,0.00126928952483023,0.00098876016365769,0.0008887126554062,0.00131937420500126,0.00099881657877093,0.00129722640382447,0.00078754828286028,0.00126501270506008,0.00115706282552749,0.00096151066095566,0.00084576638330211,0.0010538444336189,0.00095853385097583,0.00087000107915312,0.00086571342021896
"188","EO10_S_Wi20_S115_concoct.2",0.00079244327262513,0.00076926445911524,0.00168308748710519,0.00100066198984015,0.00074483548268725,0.00037819000162369,0.00142519685059284,0.00088104172490107,0.00088186312634855,0.00107120962575175,0.00121277737413442,0.00142688753693001,0.00047044263923203,0.00128637325815581,0.00096100743480037,0.00069032627042496,0.00063713840258889,0.0009225138294607,0.00071090507843657,0.00056507932989916,0
"189","EO10_S_Wi20_S115_concoct.39",0.00247923922966813,0.00215217500448272,0.00227466966524682,0.00228081218039048,0.00290783432527389,0.00202075810474594,0.00222546071197951,0.00174968712785939,0.00158460009418017,0.00287102250066559,0.00162438455238565,0.00228346011815963,0.00164256645230568,0.00218537991949642,0.00217904288437966,0.00188531302333951,0.00167779855453716,0.00194985007583129,0.00194114011952396,0.00182196110587241,0.00199309822651639
"190","EO10_S_Wi20_S115_concoct.72",0.00312749551602974,0.00273072317994535,0.00259406433390568,0.00272013813594344,0.00367208400301022,0.00282846530922671,0.00262683798893327,0.00213977496840195,0.00188571058174928,0.0037204600851986,0.00190423077548855,0.00270873724469183,0.0022232385399586,0.00269582675831936,0.00278720413031693,0.00246706176488875,0.00217092498295015,0.00244380201298047,0.00249906718516566,0.00239630464467043,0.00276592378237754
"191","EO10_S_Wi20_S115_concoct.97",0.00256159872888582,0.00226204692378335,0.00227557844673295,0.00228728428060166,0.00298663795904281,0.00222588990230212,0.0022816420311778,0.00180798106062324,0.00164092426771063,0.00296975198513025,0.00168333520735337,0.00233300155707962,0.00176343703083661,0.00230198987813556,0.00228789901994715,0.00199150927377316,0.00177509829546334,0.0020590795774803,0.0020623718371395,0.00192075085947684,0.00214059462132727
"192","EOI10_S_Su17_S65_concoct.102",0.00360711268885845,0.00305844094472153,0.0030563925110894,0.00264997876565902,0.00228849549671021,0.00280693273789543,0.00380254626192671,0.00313853090109284,0.00318689240896457,0.00458502005092759,0.00447829005708347,0.0039454177769096,0.00430675630237814,0.00533098251303668,0.00661413174264323,0.00626775726476552,0.00584998424324088,0.00622340627295127,0.00553393167141261,0.00557320655039415,0.00441233848183489
"193","EOI10_S_Su17_S65_concoct.110",0.00917041915701254,0.00767815887450061,0.0120226213192579,0.00829626380374126,0.00771766529115151,0.00700232613259844,0.00697436307510923,0.00385564473034571,0.00391657344193479,0.00407958795397401,0.00337532996431867,0.00721300294683371,0.00329688808586751,0.00315195490798,0.00420495632147426,0.00368836283178066,0.00642822226427709,0.00398741014760199,0.00620510021439636,0.00407720944429892,0.00348315752104071
"194","EOI10_S_Su17_S65_concoct.14",0.00605235431099473,0.00611326746497867,0.00783849929097499,0.00587710979057774,0.00841663594494049,0.00502667126283098,0.0071407412392704,0.00482778803365317,0.0030711061654595,0.00731945537502736,0.00354467284645358,0.00748694526121872,0.00413040435479104,0.00451441641022271,0.00665504019884682,0.00596913183977419,0.00494459863270546,0.00320707798324646,0.00401973779593994,0.00443812580228381,0.00504410084527039
"195","EOI10_S_Su17_S65_concoct.156",0.00161185115808173,0.00160723369165235,0.00187609206383463,0.00145194461887164,0.00129524612638703,0.00110152678554092,0.00224024115453229,0.00121024920720255,0.00103252204058283,0.00134446594606067,0.00146990751602377,0.00226499112342905,0.00111848423243435,0.00209169874732256,0.00197215796548447,0.00158138735813618,0.0015663327815896,0.00169080168697165,0.00151727044726714,0.00132957335203663,0.00126248389188461
"196","EOI10_S_Su17_S65_concoct.274",0.00261747423872013,0.00267130052873598,0.00637539346991906,0.00399919641026182,0.00305501647762841,0.00099403049697163,0.00396714295423269,0.00222232299634825,0.00188802096477046,0.00179707134269214,0.00273318302444308,0.00379559909327391,0.00134620222947203,0.00299263958459006,0.00247238379480504,0.00196539508653709,0.00199779391490919,0.00221253806462328,0.00171121316758216,0.00163727432358659,0.00096913952287303
"197","EOI10_S_Su18_S66_concoct.85",0.00084265144702046,0.00085429130096719,0.0015176507373603,0.00104418989864359,0.00081551369399637,0.00045227365303773,0.00137149867581554,0.00099202183245851,0.00091970399306369,0.00111718208781929,0.00118324502135253,0.0013862512900457,0.00056531580824843,0.00127024103776107,0.00102554499934176,0.00077476914163566,0.00070604802976171,0.00095490069464204,0.00076392039157218,0.00064810528619233,0
"198","EOI10_S_Wi17_S68_concoct.130",0.00248353100924064,0.00202410431790994,0.00217017078287512,0.00257960070552032,0.00313832230112295,0.00180735201827398,0.002101627367566,0.00169228181049194,0.00158874509232485,0.00270211342568254,0.00147843612089771,0.00216886217135833,0.00150108629773308,0.00196830085896747,0.00196234118129611,0.00170820658354774,0.00151141806598689,0.00174935035030837,0.00173219905810565,0.00162395461349123,0.00175927493474681
"199","EOI10_S_Wi17_S68_concoct.62",0.00511128757983318,0.00561119196545015,0.00440359958789605,0.00574227968761327,0.00550545235300182,0.00613768398579212,0.00586026143085822,0.00612238009660177,0.00323243370315642,0.00597836169298752,0.00422503566750508,0.00554542908498674,0.0068389535705275,0.00706297219103422,0.00727633099611066,0.00644240696370813,0.00507410850780626,0.00746092114497453,0.00576725066950033,0.00751791288961962,0.0117316376656673
"200","EOI10_S_Wi18_S69_concoct.111",0.00129176119095866,0.00125212097103365,0.00162071442805494,0.00141539264546369,0.00132679157814754,0.00088174508165397,0.00165104399755865,0.00133938527758468,0.00107038944669045,0.00150127078702492,0.00121266635116235,0.00167044985664014,0.00090371925887468,0.00150729004516761,0.00138887447596762,0.00112734807227027,0.0009938102690503,0.00125464125882999,0.00109686477467131,0.00101532168574091,0.00097614838762366
"201","EOI10_S_Wi18_S69_concoct.86",0.00124679171583001,0.0011975468040647,0.00152439719254774,0.00118009929700395,0.00112828681240022,0.00090215041433017,0.00148310915057196,0.00117899913085546,0.00109474690681092,0.00154304084899066,0.00124063523891071,0.00155518714106217,0.00095990181453543,0.0015146233514892,0.00138380014423415,0.0011487876752302,0.00101891539045098,0.00128008001443845,0.00115179750042015,0.00104560371909451,0.00097900103847741
"202","EOI15_CoA6s_concoct.120",0.00538150511067398,0.0052147941118099,0.003715451239397,0.00358024868409331,0.00450230803868936,0.00738864307050911,0.00545877469142045,0.00273942777265697,0.00292957343552754,0.0053076172143871,0.00554439397461071,0.00562916069978906,0.0103504632428969,0.0109642153869539,0.0137067072681085,0.0129757506870733,0.00967955821017292,0.00808348358973848,0.00808569799083674,0.00820803881917523,0.0119403657493005
"203","EOI15_CoA6s_concoct.134",0.0045134351124318,0.00368196404822677,0.0033796943164651,0.00306580572272027,0.00267375849873025,0.00390481728577177,0.00454994136742936,0.00399732806885947,0.00524919610828938,0.00446354768398051,0.00716481557911422,0.00443823898285933,0.00799006628341656,0.00502574127843042,0.00588527510181449,0.00711742129534229,0.0100035299563071,0.00828758080562238,0.00967930079474568,0.00906050827272194,0.00501699738705654
"204","EOI15_CoA6s_concoct.178",0.00430728979203744,0.00359441512262491,0.00527628522376548,0.00312991030038142,0.00268789551152167,0.00262049724862087,0.00480105582378168,0.00359950958883945,0.00306068804353115,0.00582470060972558,0.00561347284931645,0.00500772536385939,0.0050027293522011,0.0067145534709588,0.00966596022079287,0.00806121711064198,0.00958652956892428,0.00883849911624256,0.00936025694856674,0.00729152024399355,0.00419413563269289
"205","EOI15_CoA6s_concoct.219",0.00352670120752397,0.00286271467649816,0.00256047799758358,0.00205259445053988,0.00226558371013,0.00418700562967875,0.00382023678266022,0.00202516760251535,0.00269300887362616,0.00382741676784463,0.00494737467874032,0.00436521571845764,0.00654428525887643,0.00425568807023436,0.00468386240536929,0.00786616083037119,0.0102977623891597,0.00811273610925476,0.0104274222283465,0.00836394577131904,0.0040806210605816
"206","EOI15_CoA6s_concoct.56",0.0113127418311675,0.00820087133678104,0.00700701739190474,0.0064841609530798,0.00789934465240824,0.0177476454560544,0.00557719926595087,0.00625797674415773,0.00899988712483971,0.00895888201410966,0.00739558259419601,0.00586865635270074,0.0132693142618445,0.00642400047050762,0.00689664456436079,0.00873638098112055,0.0120614834461237,0.0084707413849718,0.0113092828547727,0.0101403931714565,0.0103884707073642
"207","EOI15_CoA6s_concoct.70",0.00704645263851573,0.00660277737582856,0.00463433623735264,0.0046725718488807,0.00362585911640785,0.00831417109837634,0.00858882735685669,0.00549263406866164,0.00442804364692218,0.00529664133952139,0.0114639786843448,0.00882810225842834,0.0131692919461425,0.0135078374205075,0.0138201836024366,0.0151874192539821,0.00866392124993343,0.0243743450048353,0.0116377639757297,0.0147651704732369,0.0119970790194091
"208","EOI15_CoA6s_maxbin.002",0.0302328883973602,0.0513426389417958,0.0220439769134999,0.0431414616553533,0.0273590077201032,0.0205939860029153,0.0326793479794209,0.0781122674384798,0.0635223725769246,0.0209100540749603,0.0545711756585377,0.0290328375159528,0.0524484888149419,0.0188137166232408,0.0158664921828109,0.0302546078181456,0.025516505527093,0.021699791326125,0.0221319194900837,0.0363863568379948,0.0266297944380119
"209","EOI15_CoA6s_maxbin.013",0.0212902910153608,0.0181717879751187,0.0305511308931088,0.0238962838719116,0.0135062771701584,0.00839602485680816,0.0289525593795063,0.0320732502811942,0.0480720542620529,0.0210863223347432,0.050878431107885,0.0282065025229325,0.0255251980086727,0.0345479235722141,0.0356342671300974,0.0312456929222511,0.0436744899520664,0.0437810396268154,0.0379812342009069,0.0236953680257422,0.0107053765285032
"210","EOI15_CoA6s_maxbin.019",0.0186096267365671,0.0110186996246266,0.00982288662729155,0.0154910655313021,0.0191740558877099,0.0270119193879694,0.00839991405488112,0.011210824632006,0.0114768868784834,0.0102035079777092,0.0266983665301868,0.00836488096762794,0.0225770981836122,0.0110506806092276,0.00970880960503479,0.0143801060830568,0.0184097221399056,0.0127611889732545,0.0163100117175371,0.0137001309718256,0.018706216044985
"211","EOI15_CoA6s_maxbin.023",0.00920733903216253,0.0122553976503391,0.00671733052273909,0.00862559881648143,0.00679887623442489,0.0153483511388113,0.0112331182968466,0.0138459255715418,0.0110470833887344,0.0146004364597653,0.0131565794505299,0.0117050293905816,0.0175073477486723,0.014950898773982,0.0198477111881313,0.0226545637621783,0.0167301401584732,0.0211370587056861,0.0195056391641926,0.0190507174593192,0.0179912196336707
"212","EOI15_CoA6s_maxbin.030",0.00765781240667848,0.00655488485073575,0.00365226093038154,0.00393695108853485,0.00456750748801012,0.0126644377605685,0.00470659751882779,0.00608509685631421,0.0141970766396213,0.00952090757399512,0.0110004237151613,0.00461576272891085,0.0150553365209546,0.00500320804925615,0.00620272496298024,0.00855588832537941,0.0167834262981814,0.00632681071820779,0.0136438892386028,0.0121387366000678,0.0108612786375631
"213","EOI15_CoA6s_maxbin.032",0.0140475003272005,0.023356902338505,0.0103714657406889,0.0175833070905122,0.0121860163613297,0.00966748819159376,0.0140662034532526,0.0145713200303751,0.00896533131929137,0.0152707142185784,0.0111341211688962,0.0156764547448372,0.0147498524303248,0.0231730311486071,0.0267157406216337,0.0217070787141685,0.0154546385238162,0.00719470746415551,0.00602326979164203,0.0117180268413876,0.0132345321255164
"214","EOI15_CoA6s_maxbin.047",0.00920711389041707,0.00958502779387455,0.00553776601029564,0.00672620969317264,0.00630665220791879,0.0138421831347257,0.00834273975457787,0.0084699904369688,0.00547637785754582,0.0132467966742241,0.0068283784311891,0.00859321072201388,0.0123458605557297,0.0112234113763565,0.0147075311778671,0.0148930680868385,0.0105902125599944,0.013617407735334,0.0118580327075107,0.0157863998357886,0.0245612273972495
"215","EOI15_CoA6s_maxbin.057",0.0054540648037345,0.00639164763534614,0.00555567435134603,0.00686005330310357,0.00447397695432331,0.00475801101093678,0.00874294451992403,0.0102832392251847,0.00586164855001728,0.00750279238167257,0.00797262926006408,0.0088316271648458,0.00910556947166313,0.0103680741664437,0.0111842289173586,0.0101592824763705,0.00802305710431283,0.0107605259744122,0.00844321200285612,0.0100286741884052,0.00961385374204781
"216","EOI15_CoA6s_maxbin.086",0.00428217023386957,0.00365909847057642,0.00323940031327887,0.00282590181171661,0.00330259845379905,0.00947237555402843,0.00384242218182378,0.00268438460256416,0.00405630197846971,0.00307947753533328,0.00488163830093043,0.00398060402828638,0.00917141445074833,0.00476331645616998,0.00557504396645394,0.00716697263271646,0.014820285264801,0.00993002676910452,0.0152775247238069,0.0117486680994425,0.00948192862732677
"217","EOI15_CoA6s_maxbin.100",0.00695639497715628,0.0160018724507445,0.0135312410554491,0.0184849934535169,0.0122319674217127,0.00662874257014374,0.0140392362877202,0.0129747616555095,0.0181605817366066,0.0124627016072056,0.00988385596632912,0.0171591674637138,0.00857738720975585,0.0142234114625975,0.0186058593664776,0.0241255084408473,0.00930701768843895,0.0178116367706854,0.0116463095660364,0.00772202768229139,0.00522276888029791
"218","EOI15_CoA6s_maxbin.115",0.0048214583970125,0.00815087656155209,0.0099597402094817,0.0127769237185719,0.00511320314628687,0.00163967578006048,0.0168862812187699,0.0261011118240891,0.0231385407041194,0.00586854858428861,0.0239100047555838,0.0151604722434181,0.0067714889671548,0.0156535703472963,0.0137613398062003,0.0117432135996687,0.0123474242835225,0.0172582606546506,0.0108750187330088,0.00814320712129664,0.00153813039513293
"219","EOI15_CoA6s_metabat2.114",0.00368627782401695,0.00469222118312506,0.00284337846675463,0.0036577475340256,0.00346697543829549,0.00570945304166098,0.00506426468173293,0.00214378046201731,0.00171733315016417,0.00332831897476023,0.00254838866322485,0.00527346814488513,0.00566561434939202,0.00911170446169338,0.0141957946878707,0.0146573897618491,0.00843206759941996,0.00862314955640265,0.0066819590404436,0.00842169794670477,0.0123191091173586
"220","EOI15_CoA6s_metabat2.116",0.0128980069998194,0.0117684660289405,0.010173597876264,0.00904066067992143,0.00828708257915024,0.0163384794393219,0.0109835769126203,0.0104362328224597,0.012772318908404,0.0127065180431984,0.0149570432576215,0.0109147273900848,0.0179891329738272,0.0109470878420037,0.0131090105634749,0.0156818858558129,0.0202444424583074,0.0175377109793721,0.0200515075068576,0.0192756839051617,0.0128886027719408
"221","EOI15_CoA6s_metabat2.122",0.0112332708885044,0.00928295773292849,0.00794633868777678,0.00697536104049864,0.00903510784360918,0.0198963287472083,0.00654896750382693,0.00658318147610348,0.00885051341480845,0.00919940345499818,0.00810921143394604,0.00657666404300361,0.0161562159791654,0.00783736930184397,0.00854027551987157,0.0117670380554138,0.0163715377799636,0.0118545974695108,0.0168251486495953,0.0153890277388191,0.0143998958919705
"222","EOI15_CoA6s_metabat2.15",0.00514627942294473,0.00470738999798187,0.00257372589334211,0.00293828215688241,0.00367788022440519,0.00857840693343205,0.00307060383094596,0.00278818218730157,0.00365747344778171,0.0032796479054897,0.00563962092399129,0.00310537327495869,0.0110803343257509,0.00438676373908335,0.00457491668850773,0.0063347160178153,0.00872045623197381,0.0062375944719884,0.00884677289504084,0.0103055332447756,0.010382908430492
"223","EOI15_CoA6s_metabat2.16",0.00706096597372904,0.00618225393935839,0.00403779395361866,0.00453043164358169,0.00451691844359153,0.00858634053815742,0.00494812318186906,0.00578251030008384,0.0058790441360404,0.00518429777087732,0.00718072665152071,0.00456970155005694,0.0112918788616638,0.00532682328140973,0.005738122427416,0.00714681516121932,0.00745780163895709,0.00747429835607934,0.00870855935145167,0.0100591573162647,0.00984509690033973
"224","EOI15_CoA6s_metabat2.24",0.00393625571392368,0.00358798649046128,0.00287264936806345,0.00332057476817762,0.00364396185448271,0.0134878352438822,0.00532719416977307,0.00250625170705771,0.00303966823807069,0.00395717554659004,0.00358145666147755,0.00552349048373323,0.00844434347047001,0.00489580334211174,0.00423642593549627,0.0048885940578601,0.00738868443067864,0.0130817055214179,0.0112226090412084,0.0113631954679006,0.0103588040310408
"225","EOI15_CoA6s_metabat2.62",0.00408654059814497,0.00400854523061226,0.00304679417486374,0.00350518551291294,0.00289709203038388,0.00403500674911782,0.00477624182139627,0.00492896145636613,0.0032275076886044,0.00610701871017172,0.00541138833295979,0.00471053400083157,0.00961021720961538,0.00622622519378764,0.00731368800258009,0.00855139158290944,0.00684715285307421,0.00916079184006797,0.00785298182168742,0.0100669871160677,0.0110307108816429
"226","EOI15_S_Su17_S71_concoct.31",0.001239308822908,0.00113917793970886,0.00132093141236067,0.0010419253498722,0.00116386111771559,0.00101450506670522,0.00132270685616298,0.00098885821846256,0.00090896660982646,0.00146618031226521,0.00105079673500375,0.00137300893590343,0.00093272120099902,0.00138798186884743,0.0013366921670383,0.00112790410146125,0.00102124599896617,0.00123551815126796,0.00114884339356957,0.0010519106578263,0.00106915527139019
"227","EOI15_S_Su17_S71_concoct.67",0.00192704057198428,0.00177689466393538,0.00169056491741415,0.00157960868955391,0.00203186257105202,0.00180762809656271,0.00174923786014002,0.00145208126059131,0.00127701217500138,0.00229066343425861,0.00133602304595441,0.00178666723437284,0.00145960520599768,0.00183241630249785,0.00185948247319609,0.00165213250767211,0.00144742468627876,0.00164658603112618,0.00166640095337313,0.00160467776884315,0.00183880613658229
"228","EOI15_S_Su17_S71_concoct.68",0.0013792943270905,0.00260883273892475,0.00290638701947286,0.00140508359717677,0.00119979237606596,0.00053425662327289,0.00198805011660645,0.00115291006261027,0.00113423624893337,0.00135434266088146,0.00160059387658583,0.00200784587489213,0.00060376988848302,0.00171941572757585,0.00125386964100105,0.00091485275432921,0.00083569749597263,0.00121209044578693,0.00092143214970973,0.00073447286996156,0.00047970493757952
"229","EOI15_S_Su17_S71_concoct.7",0.0023620781140543,0.00212439338927889,0.00206436990768146,0.00193939638928383,0.00248961623984801,0.0022449903492835,0.00210181712258636,0.00167868608190842,0.00150973868578885,0.00284665541779179,0.00161455419029673,0.0022126470021039,0.00183710907227696,0.00225520454021781,0.00232400423160689,0.00208285923478834,0.00185072938019845,0.00207918753400355,0.00209548301300161,0.00198060586365891,0.00226546350826718
"230","EOI15_S_Su17_S71_concoct.76",0.00133639858803257,0.00131850990705043,0.00381993913323438,0.00211246010293148,0.00136875780974264,0.00050540807963623,0.00307600556395509,0.00170093739682881,0.00170597156041577,0.00189323522732749,0.0025858509687872,0.00302739457346034,0.00068751264134864,0.00262614393306541,0.00169568562113878,0.00112102688295276,0.0010234822136041,0.0016695759485381,0.00117964485853522,0.00085636110494499,0
"231","EOI15_S_Wi15_S72_concoct.58",0.00138348244514278,0.0011775317744898,0.00184186019566996,0.00238098026232143,0.00203225331183708,0.00070787514601,0.00193819939778162,0.00097868597754411,0.00093950802137186,0.00128611451820601,0.00114054931632522,0.00192791843713277,0.00073676641536754,0.00133066363897945,0.00117981690940868,0.00097140590160028,0.00087638036399577,0.00107409813773058,0.00094105836691423,0.00083770436617594,0.00072066960981272
"232","EOI15_S_Wi17_S74_concoct.0",0.00125346845682728,0.00120602002368581,0.0019256665096859,0.0014393984382623,0.00149497469115436,0.00082458234275709,0.00338083753145208,0.00124132900072577,0.00120963802968636,0.00150118000575514,0.00141351226654066,0.00328854617003546,0.00085109957378713,0.00163684871689261,0.00139106707522003,0.00109172817484282,0.00100512646798775,0.00130356176558519,0.00110981711190713,0.00096056900464889,0.00080790723738451
"233","EOI15_S_Wi17_S74_concoct.142",0.0128803243430512,0.0112703577104966,0.00621350236381096,0.00718206502223986,0.00830575338775799,0.00889264543359762,0.00683501462647139,0.0072925365641948,0.00546241783379292,0.0105617891888338,0.00744386774727067,0.00724417964795122,0.0139592910338409,0.00769609017815992,0.0126256518607737,0.0158500313444816,0.0139390840567779,0.00430918998290688,0.00626539505454181,0.00673212458434324,0.00795183281607005
"234","EOI15_S_Wi17_S74_concoct.62",0.0109290316708007,0.00774266878611541,0.0149263230973304,0.011470629751333,0.0156056040606149,0.00439528942764167,0.00601470818426204,0.00586986003602823,0.0056675294242613,0.00403525190389295,0.00396122879723755,0.00560006667398669,0.00498434209047373,0.00395436351431723,0.00358730200252716,0.00354717974385183,0.00485747164732006,0.00381216374410016,0.00418918939600184,0.0035798869517355,0.0056593394134449
"235","EOI15_S_Wi19_S76_concoct.133",0.00522268169565674,0.00495793545753032,0.00465235000893492,0.00379512212588792,0.00308920531737133,0.00479427091333484,0.00600755733698915,0.00358790479766541,0.00324028572364299,0.00441351140108911,0.0051874734365145,0.00598988505244579,0.00535432579183194,0.00701119693892822,0.0078617310278171,0.00730698074653003,0.0066561615393213,0.00845414869911403,0.00657361799875021,0.00631059288509419,0.0057673181254502
"236","EOI15_S_Wi2016_S73_maxbin.030",0.00532362899369739,0.00582222335996459,0.0193622191755118,0.0119466338530025,0.0125711273464445,0.00548241843618057,0.00632497027284093,0.00384461435097636,0.00268194968129839,0.00551906826392925,0.00246612584843049,0.00632369750821179,0.00309790043345522,0.00367272096554015,0.00393089447049277,0.00339239642628021,0.00319197536021595,0.00321219611384886,0.00338044089244526,0.0036234952222606,0.00403059677481701
"237","EOI15_S_Wi2016_S73_metabat2.102",0.00370050605995044,0.00362941732121319,0.00486683342819807,0.0038544911804673,0.00445027574269532,0.00503478320543147,0.00436979589013474,0.00259839646012303,0.00211587414549134,0.00383549835877123,0.00230730804698752,0.00438446568564081,0.00259373255925406,0.00334640488192364,0.00334391538436122,0.00284382342445593,0.00291323326937132,0.00304632499743765,0.00307526952468511,0.00297556078396875,0.00301294088126443
"238","EOI15_S_Wi2016_S73_metabat2.127",0.0100567294893304,0.0070615739249333,0.0102379238651498,0.0175215698109149,0.015764077558798,0.00486679199745576,0.0063270723133993,0.00358444909342678,0.00337234058440882,0.00452607629276046,0.00201335421626613,0.0057981289732938,0.00223225079174667,0.0028433258948407,0.00292149887619159,0.00275365751930534,0.00255019096165792,0.00233947070273369,0.00259130276958093,0.0028163899573024,0.00355650075733734
"239","EOI15_S_Wi2016_S73_metabat2.132",0.00507780767791925,0.00545973301061941,0.00428894254802373,0.00422252353048578,0.00468163064843936,0.00538617278564075,0.00405690670193955,0.00386555525760381,0.00286539238859302,0.00434281771988983,0.00282578411552858,0.00411394451339455,0.00359351421470219,0.00400059312425397,0.00434798209679434,0.00435550485507903,0.00365257768123695,0.00367380623396969,0.00360338332985211,0.00389320275643222,0.00564635560882225
"240","EOI15_S_Wi2016_S73_metabat2.177",0.0150098086402618,0.0139068410767618,0.00813982866073529,0.00914272260030348,0.0091052778401678,0.0190595623198852,0.0103342448560162,0.00962369604487409,0.0102355430403632,0.0102529296038424,0.0130768378896215,0.00980874489478563,0.0356333327493527,0.0115589974535019,0.0162745801696881,0.0248772420353243,0.0295291694461646,0.0206069079874218,0.0289658263429737,0.0384895893710049,0.0517344798592246
"241","EOI15_S_Wi2016_S73_metabat2.195",0.00424185541383261,0.00381523236123571,0.00267870797423601,0.00298568195279928,0.00400077895532046,0.00530139960804821,0.00280015138333151,0.0024889671640751,0.00238783770735363,0.003536441636601,0.00248609772152681,0.00281927468281212,0.00411426094404001,0.00288666048846277,0.00292535448722544,0.00308404244174644,0.00317890194411888,0.00285232362702952,0.00331372953862893,0.00339855737443223,0.00379619872043566
"242","EOI15_S_Wi2016_S73_metabat2.207",0.00946699560919117,0.0076633747576895,0.00406637691328222,0.00458896094908583,0.00510335491218385,0.016685919999783,0.00568184088985013,0.00715756651728542,0.0162870249833847,0.0105430485644279,0.013607639415466,0.00559464352787115,0.0204154903354409,0.00620426435279618,0.00748014718659478,0.0108868888901247,0.0223044356479891,0.00859853363393688,0.0183758005042741,0.0169884911140018,0.0134314104539883
"243","EOI15_S_Wi2016_S73_metabat2.232",0.00588415777556681,0.00555669204828609,0.00652377640049921,0.00486996707272322,0.00534317241863851,0.00569695915580488,0.00567234532008316,0.00362621371596812,0.00288567121421539,0.00539445757528403,0.00345236937080726,0.00555054709638358,0.00457514954982953,0.0051860154821844,0.00853323321163728,0.00864437811892153,0.0111125085214524,0.00590006202162752,0.00976905246662969,0.00904823434153375,0.00908450817364681
"244","EOI15_S_Wi2016_S73_metabat2.94",0.00660985776570903,0.00632035661513544,0.00480053484891008,0.00389553692020746,0.00470737199126722,0.0052907817240577,0.00497384205407423,0.00302514495483287,0.00302719320706741,0.00394887573892427,0.0036685402105857,0.00509501452310155,0.00540593234522565,0.00590914786582168,0.00670217047093873,0.00713616507766645,0.00975948198364182,0.00483784687170007,0.00681849121815733,0.00585933270910961,0.00757687057262011
"245","EOI15_S_Wi2018_S75_metabat2.129",0.00613500709646481,0.00540673798289707,0.00629808437925293,0.00537184887961364,0.00861515408034388,0.00381711343096039,0.00558132906895346,0.00607004037542783,0.00683566882200308,0.00665045565962529,0.00588919251173625,0.00586195447350068,0.00659484391905774,0.00392781744278909,0.00467602102931376,0.00445001832858408,0.00339871658943203,0.00225822058769636,0.00247529005575223,0.00266497289336632,0.00291173479469957
"246","EOI15_S_Wi2018_S75_metabat2.189",0.00525058049021623,0.00579392185603257,0.00321293427990067,0.00432744296502172,0.00380385063424941,0.00518919617186281,0.0047227152681564,0.00699632440664037,0.00582651282082979,0.00514567748504709,0.00618349270264323,0.00459080788173967,0.00811884239851495,0.00490475023797726,0.00550627358533996,0.00613390030366151,0.00661499012182733,0.00574570590383699,0.00667026146346204,0.00903801273841354,0.0093864122227466
"247","EOI15_S_Wi2018_S75_metabat2.220",0.00886872753253559,0.0094849160814735,0.00453937688769868,0.00579698530761517,0.00763536442946135,0.0277475899886255,0.00540242226191062,0.00864398301768501,0.00957017529632885,0.00756901844400903,0.00809464099344668,0.0054533590712771,0.0153487910397935,0.00712844188400837,0.00581091258498468,0.00747877279462891,0.00822078567912785,0.00688849484061391,0.00780830509083178,0.01040353695673,0.0146908261860323
"248","EOI15_S_Wi2018_S75_metabat2.283",0.00926069064283185,0.00640430008228709,0.00737940931605732,0.0054854264216015,0.00570762448813034,0.00763442592485743,0.0066307531204875,0.00746246042250644,0.00958797458442504,0.0173699340108174,0.00981997309993195,0.00660639297071311,0.0131561949635392,0.0108685726597715,0.0114050324126557,0.0114788478886598,0.0131923927648157,0.0104314142265417,0.0101100156386085,0.00971027601193878,0.00595491279608188
"249","EOI15_S_Wi2018_S75_metabat2.319",0.00249431602122837,0.00256591803282685,0.00588714794360408,0.00355798160754886,0.00312550365389372,0.00122015440231017,0.00340244765113235,0.00194327528053131,0.00146511004339104,0.00162079753041926,0.00154023570949682,0.00338624716632394,0.00160683463980404,0.00216044884627926,0.00262526619053917,0.00251300538645939,0.00236717051385413,0.00167624925528939,0.00184818521437899,0.00226159807324523,0.00337945753338504
"250","EOI15_TS_05_S81_maxbin.002",0.029583179886542,0.0149936889868122,0.028654884075426,0.0541071107210653,0.0484300211746991,0.0046228030123218,0.00593304285604544,0.00487048753900651,0.0121052235257459,0.0130315852687914,0.00240077988273539,0.00573397278218089,0.00274713618390604,0.00330848699765919,0.00344322106936354,0.00373949672780332,0.00292322112008138,0.00277798114790509,0.00306511069307406,0.00337595585924818,0.0034742675953842
"251","EOI15_TS_05_S81_maxbin.120",0.00256833359738828,0.00354524129806887,0.00719536532478121,0.00738938257626541,0.00852322790538512,0.00068049245271267,0.00379773322056237,0.00155890021127613,0.00126121301684558,0.00106700029474461,0.00143819285186277,0.00362344337818692,0.00055077048512287,0.00151376593297908,0.00103567401250241,0.00079122713154084,0.00079159466516597,0.00099862248701076,0.00077303367642742,0.00064355251599838,0
"252","EOI15_TS_06_S82_maxbin.007",0.00956292814574405,0.0096447134294872,0.00439365496434593,0.00577200959999988,0.00733452786865621,0.0228751551454055,0.00553168061514718,0.00748590726335883,0.00844200301043566,0.00769814295755259,0.00631474201961182,0.00557978922491016,0.0128733697969483,0.0063973799793281,0.00702382824266706,0.0100715586134948,0.0115504743675285,0.00734929957731371,0.0119744090178587,0.00977848597639615,0.0177817717471423
"253","EOI15_TS_06_S82_maxbin.008",0.00697997032782291,0.00945372135684231,0.00463165651991819,0.00520050676922209,0.00667354801559176,0.028440715364212,0.00500791255294421,0.00916873881203291,0.00961835354455771,0.00506347772443167,0.00735690711969692,0.00494564168716785,0.00483919642967288,0.00410586538682003,0.0040355750331397,0.00427103875063811,0.00460975570952904,0.00404688915981437,0.00473456548963027,0.00401500405345291,0.00512568978363237
"254","EOI15_TS_08_S84_maxbin.031",0.00080712056400367,0.00086947468559704,0.00159692339001132,0.00108237848075066,0.00079442113162101,0.00039259258888691,0.00147544581438353,0.0162827958932841,0.020063132851942,0.00348796179819175,0.00126905869412641,0.00147288574903319,0.00053577269018826,0.00134776377422265,0.00103585926768979,0.00078490513981977,0.00069832046781706,0.00098507126340378,0.00073937297052694,0.00062597301395196,0
"255","EOI15_TS_08_S84_metabat2.109",0.00330985888509693,0.00401799288786145,0.00240438129411059,0.00297653220317415,0.00305954481929634,0.00369528026124888,0.00327100876912774,0.00667254416244323,0.00252444157164455,0.0059373680089043,0.00280781982963034,0.00327403856908584,0.0041068136336085,0.00474639165117539,0.00619944265883815,0.004974450873554,0.00290741878514709,0.0042551258374492,0.00323986584000562,0.00496916905434581,0.0142451339506966
"256","EOI15_TS_08_S84_metabat2.138",0.00813908021765175,0.00936232180834015,0.00573124380677018,0.00766930309408888,0.0116030901267048,0.0178787429841332,0.00502604723875709,0.00745467056876607,0.00783639318235799,0.00853401596437281,0.00536763734958733,0.00517695073876688,0.0104468620152106,0.00661042965980287,0.00622251854577613,0.00780660315593288,0.0082325439489384,0.00628968158821697,0.00842754243255938,0.00810005440031318,0.0119038814598556
"257","EOI15_TS_08_S84_metabat2.139",0.00205372686898448,0.00383319577063576,0.00355585554900993,0.00408831641195457,0.00216711356401624,0.00095302967278312,0.00438067026619071,0.00693906019987235,0.00569625293291778,0.00242824423473108,0.00575302512234228,0.00397824977999254,0.00191293461166618,0.00362345546258244,0.00303671330856515,0.00266093176444874,0.00246930014601997,0.00310790963969247,0.00237391370997981,0.00238782987553857,0.00085619265930515
"258","EOI15_TS_08_S84_metabat2.232",0.00388542063414405,0.0067464387002063,0.0043129299244466,0.00508224882226701,0.00433526761172641,0.00280527166259382,0.00514052755520974,0.00707902164114747,0.00624825500802578,0.0027140916608902,0.00575911306868121,0.00496944311894422,0.00308386828860484,0.0046541507901967,0.00374995230775258,0.00385966687262633,0.00332859079170002,0.00410056947198469,0.00342468253273988,0.00312285233204096,0.00205892373340568
"259","EOI15_TS_08_S84_metabat2.306",0.00604992470649019,0.00670330796920436,0.003388356726555,0.00462676712699059,0.0055693232277134,0.00878234716788292,0.00433958334238397,0.00597314911410104,0.00357162837059093,0.00601385782955907,0.00402161445515248,0.00413954042059029,0.00781698723543892,0.00547489725614356,0.005699945598117,0.00663874417183638,0.00548065062826226,0.00584194414829445,0.00598958304892257,0.00863526791571988,0.0167527591634116
"260","EOI15_TS_08_S84_metabat2.353",0.0143011577796874,0.0166957231482185,0.0154956467815797,0.0217781781552707,0.0309711886714346,0.0159131131592506,0.00650130621511503,0.00704953059640729,0.00758288071607124,0.00708088274163689,0.00383335679484081,0.00661718630313428,0.00671035917101508,0.00536115677225972,0.00509077974282426,0.00636356169617246,0.00645144447827517,0.00483685048047503,0.00642257871812859,0.00569219077480611,0.00788841854090908
"261","EOI15_TS_08_S84_metabat2.375",0.00400741784260914,0.00524659292164613,0.0029010122600534,0.00342621829644363,0.00414489713492628,0.00797689349401198,0.00346716794624693,0.00554501861871259,0.00364852030031838,0.00366163999612653,0.00335253679979808,0.00342289073619075,0.00349361809037934,0.00325753036171834,0.00299716480754538,0.00305481321448982,0.00269816685741061,0.00298536503098278,0.00285978789181134,0.00344086191196332,0.00513299542311666
"262","EOI15_TS_08_S84_metabat2.386",0.0007512715173542,0.00073278345658273,0.00163817509027781,0.00098375898253509,0.00072695591717675,0.0003465204956618,0.00146163979844324,0.0117722119752055,0.0159533304913019,0.00114777894796763,0.00117901824631504,0.00145743518635195,0.0004353018061972,0.00123546053899689,0.00091077084095163,0.00064744155709889,0.0006044627446815,0.00087462858197376,0.00066910918375973,0.00052279910068001,0
"263","EOI15_TS_09_S85_maxbin.054",0.00723702031726367,0.0075274480214776,0.00484666887376526,0.0056970140251618,0.00521030824492218,0.00583847550493761,0.00556227237221756,0.0100007002096626,0.0133678598426276,0.00492237089867732,0.00809027455411407,0.00545036838154677,0.00834989982325718,0.00505638134954542,0.00457246558897398,0.00595687257236395,0.00778720676034582,0.00545175049798003,0.00675437662350889,0.00675370027194052,0.00557883485814446
"264","EOI15_TS_18_S121_maxbin.019",0.00716785027163728,0.00783462086524113,0.0137324648776496,0.0104437126077086,0.00506323699358504,0.003078248995977,0.0179359512601719,0.0141164186663583,0.0185832878345376,0.00818855789881964,0.0287725696308399,0.016977823529514,0.00916234953509137,0.0187998555803548,0.0156829824246836,0.0132792098640279,0.0167722116377009,0.0221493316010066,0.0152715763827729,0.0116793172424477,0.0031039491603123
"265","EOI15_TS_20_S123_maxbin.001",0.031827843088833,0.0396604996586499,0.030251838857007,0.0375837053648811,0.0257545614459712,0.0218360796227331,0.0450657978914715,0.0449419427991684,0.0767101728023575,0.0102406203548088,0.0648865540293693,0.0402720496613311,0.0540594042147391,0.0327964739210158,0.0232525020162391,0.0346740897676084,0.048185014593207,0.0383847828790942,0.042445063026727,0.0505258845202303,0.0237754819192726
"266","EOI15_TS_20_S123_maxbin.002",0.0479643804568862,0.0557003908113768,0.0163520408758793,0.0276342118626643,0.0312874285864087,0.0893538255738514,0.0264543608597654,0.056492517795535,0.0517705748991304,0.0277850986355125,0.0285317351604337,0.0233559701883323,0.0379425777809146,0.0168546039880619,0.0163630032003961,0.0245618124562394,0.031425995189071,0.0217968260170801,0.0320461750077804,0.0374291851030022,0.0591447031051661
"267","EOI15_TS_20_S123_maxbin.035",0.00337908623953126,0.00330320738785213,0.00258986508036866,0.00294758271480288,0.0025295482698815,0.0033896876938493,0.00383688951484339,0.00392470160811859,0.00267320821202949,0.00490715727026834,0.00428371980073208,0.00382869466378289,0.00688953679596395,0.00501505792403278,0.00585268706064932,0.00637000317307751,0.00523673079208196,0.00675747833144572,0.00586284684145789,0.00927322803960135,0.00837249138641693
"268","EOI20_S_Su18_S89_metabat2.104",0.00154777991080853,0.00219383657000567,0.00222635352536895,0.00228780226966144,0.00187113471950215,0.00071166043777211,0.00235171155339571,0.00403281380499642,0.00228597921570019,0.00202803912272249,0.00196265786343797,0.00226558064001071,0.0010974843043932,0.00192942286932415,0.00171947859361503,0.00150101467896001,0.0010038152822835,0.00127465678635878,0.00103280127345119,0.00100091602493981,0.00080341321998895
"269","EOI20_S_Su18_S89_metabat2.14",0.00072773946132483,0.00070928793238019,0.00110408623038825,0.00077997216087638,0.00070647315656201,0.00045854584983705,0.00101386919326546,0.00072026891238043,0.00068421602057505,0.00093211656774537,0.00084149911640109,0.00104133017545548,0.00048227234070395,0.00095825376894631,0.00080131997396764,0.00064024873868293,0.00056562042136244,0.00075857018022193,0.000635570268909,0.00054755450052668,0
"270","EOI20_S_Su18_S89_metabat2.5",0.0019493111840971,0.00223818824798792,0.00313434576745601,0.00267640087813049,0.00174884907637401,0.00101006852186776,0.00391153511019103,0.00321029189687231,0.00179371958787435,0.00241602992162767,0.00252634528978783,0.00398667870322611,0.0014238488282409,0.00412196085676965,0.00425265735629562,0.00278726838059464,0.00193171917156373,0.00318941862256251,0.00202741468144284,0.00221315556077836,0.0021412352099138
"271","EOI20_S_Su18_S89_metabat2.81",0.00278208531359369,0.00304848936945689,0.00257358096348419,0.00265532871667502,0.00257918762119946,0.00343815977478568,0.00320917762200464,0.00322945724542625,0.00260507837647025,0.00345243867574231,0.00275612726740126,0.00324497071528255,0.00373302029864154,0.0040357452312691,0.00429760333113845,0.00402513853381126,0.00330942603891273,0.00428007742469981,0.00399818574244549,0.004047625135199,0.00473798558933255
"272","EOI20_S_Wi20_S92_maxbin.005",0.0020031121150841,0.00182949445854536,0.00194520341091844,0.00182287569684766,0.00219862651464631,0.00165491573656886,0.00192986704733995,0.00155129726718938,0.0013880760445043,0.00232987333239921,0.00148579124898555,0.00199203675582348,0.00140664493879059,0.00197639545075981,0.00190658271747754,0.00163403414958957,0.00146166453268132,0.00174200631988051,0.00167643624793598,0.00155469873554781,0.00167276146487769
"273","EOI20_S_Wi20_S92_maxbin.011",0.00301073363572498,0.00359318509755525,0.00231860984407647,0.00280879362669532,0.00353923241579019,0.00301994875824026,0.00245317214939419,0.00349664036330881,0.00225437459059586,0.00278740122495745,0.00201102400545463,0.00241346887699416,0.00217003373068425,0.00262684084400645,0.00243216848892849,0.00219719028893906,0.00200364676242043,0.00204121451608434,0.00203421929687437,0.00217137117065597,0.00372752484551985
"274","EOI20_S_Wi20_S92_metabat2.113",0.00102775352696509,0.00095860448761075,0.0012108594423746,0.00098283783976286,0.00103441812151288,0.00075269398708864,0.00116347253247284,0.00087207608331634,0.00082117436015733,0.00120607388020744,0.00093266260078273,0.00120189954654913,0.00070826476317219,0.00115522304715396,0.00104585849509666,0.00085826565079859,0.00077261633154968,0.00097204198641936,0.00088047997049424,0.00079365218718315,0.00074676008941223
"275","EOI20_S_Wi20_S92_metabat2.23",0.0024983673686802,0.00211088760193882,0.00220964058835773,0.00239807579085458,0.00293300130432071,0.00201306207063325,0.00214080140439251,0.00171891344196651,0.00158988628620158,0.00284632615125297,0.00158315261273356,0.00222991282385083,0.00165927479662286,0.00213472004339994,0.00214452446005943,0.00188236506562292,0.00167449352629773,0.00191122893404864,0.00192342528051699,0.00182339672617832,0.00198405570264611
"276","EOI20_S_Wi20_S92_metabat2.57",0.00532014206576575,0.00560261289082419,0.00325773988005405,0.00414832727526506,0.00495932232075285,0.00811965181164657,0.00435895429267975,0.00645144914465468,0.00462325619564843,0.00779453360121939,0.00487754071460901,0.00428408867942273,0.00772822994002545,0.00548701295913992,0.005898940935776,0.00610840137758794,0.00475997321718372,0.00491319301276688,0.00522165892974759,0.00665449174247605,0.0103930025863921
"277","EOI20_S_Wi20_S92_metabat2.60",0.00256753404320024,0.00237967301638703,0.00209221262621619,0.00210900281384795,0.00284436216279503,0.00254331200219664,0.00218322834146507,0.00190780677340306,0.00165581832642523,0.00298119108520918,0.00165598892020434,0.00223722466458243,0.00191310976530043,0.00228051242799897,0.00234140312162558,0.00209638123008449,0.00186607283119964,0.00206028227531045,0.0021329771044456,0.00205412880081344,0.00250821005256732
"278","EOI20_S_Wi20_S92_metabat2.62",0.00415234916915457,0.00543382599284806,0.00301243094916596,0.00428885422397687,0.0052202006716122,0.00493028079272543,0.00348639906122659,0.00627415461605711,0.00359773567143264,0.00412744536990481,0.00303608590618328,0.00341284561503743,0.00325814161179469,0.00403851835860744,0.0037424657753881,0.00363218674123483,0.00322329774152524,0.00322325169401629,0.00314224277826889,0.0036417328487224,0.00746722623671545
"279","EOI20_S_Wi20_S92_metabat2.7",0.00108197064511023,0.00120182107113479,0.00199191670972419,0.00149117930428879,0.00110257950905234,0.00059419127518271,0.00191522598902162,0.00152393402175111,0.00125330051687488,0.00150939955470207,0.001568671335761,0.00195189691478527,0.00076733127978637,0.00179064455218007,0.0013859618787806,0.00105465041957395,0.00090450756497955,0.00133886988382361,0.00101589988593244,0.00087090659321249,0.00066083757772002
"280","EOK05_S_Wi19_S94_concoct.130",0.0011409028333887,0.00106230484718543,0.00195169395205144,0.0014139756535729,0.00112945559444641,0.00063899665776461,0.00165852533733135,0.00109186751750667,0.00109178480730258,0.0014107732572453,0.0013721173801649,0.00166931762516929,0.00070320822413337,0.00154690016492855,0.00124586329610502,0.00094666338676918,0.00086764382430518,0.00118444469421816,0.00098209974520841,0.00081269052439396,0.00064321647893553
"281","EOK05_S_Wi19_S94_concoct.67",0.0009274855068538,0.00088952583139779,0.00184937394753962,0.00112810701414735,0.0008738986464017,0.0004521312386026,0.00159097074575573,0.00099360449254333,0.00099938920143255,0.00121107131533468,0.00135387421982002,0.00159970740498193,0.00055193656076822,0.00145753766006274,0.00110524316015525,0.00080656266829075,0.00074221932863721,0.00105815254571795,0.00082698190410308,0.00066580439522697,0
"282","EOK05_S_Wi19_S94_concoct.69",0.00157966840973232,0.00139983325269093,0.00160326101232497,0.00147747125806796,0.00174692904831881,0.00122090825723333,0.00154072686415179,0.00118000256170402,0.00111206326895614,0.00181429105078606,0.00117808271049908,0.00158812481744022,0.00105181052932404,0.00153413241715957,0.0014669888957412,0.00123887800855503,0.00111394214545096,0.00133452856878194,0.00128309370446736,0.00115982980592683,0.00118238048273764
"283","EOK05_S_Wi19_S94_concoct.98",0.00381125292335495,0.0032927482521288,0.0030036846698304,0.00333404647676494,0.00486184130542812,0.00356761746435438,0.00301746869630277,0.00246647544593814,0.00216475727998452,0.00452230933600766,0.00209956702071191,0.00306906024204499,0.00260556984903425,0.00304782252172021,0.00318781395378462,0.00282966300771284,0.00248976257193673,0.00276330611375133,0.0028979761861126,0.00277900986321388,0.0033610318029342
"284","EOK05_S_Wi20_S125_concoct.105",0.00403949391952193,0.00345739845531484,0.00313266882802415,0.00353122864378172,0.00519015055155182,0.00373314008722381,0.0031498900341735,0.0025867503193281,0.00226101780999903,0.00475675992508667,0.00218095621460111,0.00320480377852765,0.00272049852981029,0.00317222492224204,0.00331459424846099,0.00296418545314735,0.00259774668244181,0.00287481150140765,0.00301451043274137,0.00291436641703163,0.00351605049790081
"285","EOK05_S_Wi20_S125_concoct.111",0.00084088315726431,0.00080669807263507,0.00187903223923096,0.00119601866344181,0.00081054776180716,0.00036806995408025,0.00153449005869252,0.00093219241029386,0.00094615002754566,0.00116617840486841,0.00130434513714877,0.00153857540375816,0.00047061935763938,0.0013780119018404,0.00099741854850244,0.0007011463541129,0.00065237934440211,0.00095435648144756,0.00072582190898065,0.00056183083101477,0
"286","EOK05_S_Wi20_S125_concoct.113",0.00099038895472897,0.00094791271183836,0.00194614961281872,0.00124498415607211,0.00094659019365856,0.00050373674414983,0.00164455293240094,0.00105238632407012,0.00106216981770458,0.00133174521092512,0.00141183608306562,0.00166744472612444,0.000599066887212,0.0015155482376915,0.0011505727009426,0.00084572991889065,0.00077953430388482,0.00109366463787301,0.00086742945913507,0.00069657999665856,0.00049980323802766
"287","EOK05_S_Wi20_S125_concoct.119",0.00287730972517859,0.0024980941983165,0.00255748365168298,0.00259734150103626,0.00334696937746679,0.00244104994305513,0.0024800710512347,0.00199092881170142,0.00180856966702426,0.00327160689045144,0.0018408860995336,0.00256520753848246,0.00197160088287674,0.00250134202457971,0.002534603292721,0.00223946710862617,0.00198253577174359,0.00226980768759754,0.00227128085795468,0.00213785631685864,0.00235888298305321
"288","EOK05_S_Wi20_S125_concoct.138",0.00105249239090881,0.00090826415659172,0.00206950737415732,0.00215002851711956,0.00110993055431994,0.00045214561821319,0.00147415099950053,0.00096028419189234,0.00106326548514917,0.00129799034297779,0.00121090260880123,0.00149237696046672,0.00052788811821525,0.00131126261961775,0.0010091819181427,0.00075238664155242,0.00068402478497045,0.00096223430370835,0.00076516237846936,0.00063009957280222,0
"289","EOK05_S_Wi20_S125_concoct.59",0.00113829581237287,0.00112982089524042,0.00331615344350642,0.00183849875885466,0.00118157384222517,0.00039063954608272,0.0026518829451311,0.00154772233151966,0.00158184372804235,0.00166994708454332,0.00224759433994312,0.00257396930796317,0.00057011447941035,0.00221723673659873,0.00141343541722841,0.00093782122784519,0.00087686413747035,0.00139539425826836,0.00095991533395967,0.00070766983548569,0
"290","EOK05_S_Wi20_S125_concoct.72",0.00082844750713201,0.00079211482256028,0.00156991960152301,0.00096445309639105,0.00076836803526486,0.00041434978406403,0.00135666509584263,0.00085196544763641,0.00085032234743985,0.00108140621058985,0.00114571892375251,0.00137177177011156,0.00048836060363313,0.00124350459892718,0.00096399682551826,0.00071476259535391,0.00065740493500062,0.00091368620915531,0.00072293905111943,0.00058963472869336,0
"291","EOK05_S_Wi20_S125_concoct.79",0.00093214960104325,0.00087421756700176,0.00159042782979103,0.00105884019366758,0.00089429727328118,0.00052775775570806,0.00140341480865402,0.00092014866412335,0.00091821226689105,0.00116353961312569,0.00119076058323612,0.00143594169382634,0.00058647207899558,0.00133128049520086,0.00104465761700906,0.00079340948684696,0.00072123515425124,0.00100977258650389,0.00081916509967558,0.00067960051459188,0.00052514969336461
"292","EOK05_S_Wi20_S125_metabat2.5",0.00087157888652375,0.00084327842981216,0.00230254264679901,0.00129722985390819,0.00085914461559178,0.00032155135091848,0.0018416503593831,0.00107189197063672,0.0010832955380891,0.00125384892126062,0.00154501296712997,0.00183150294785799,0.00044179611933342,0.00159682114270043,0.00106575277315883,0.00071251247342025,0.00066527531088214,0.0010274923244366,0.00074995641670833,0.00054746433267058,0
"293","EOK10_S_Wi19_S95_concoct.21",0.00247486642314657,0.00223149410972952,0.00217489718907158,0.0022130031021281,0.0028491089500987,0.00216744458913469,0.00223305313813022,0.00181250007906108,0.0015513127199388,0.00294277814410978,0.00162826533055244,0.00228692836989673,0.00176451520998001,0.00228973724910574,0.00232037625614842,0.0019927630293284,0.00175708762528391,0.00203664062897107,0.00201738511498016,0.00192298446530925,0.00223621896035157
"294","EOK10_S_Wi19_S95_metabat2.67",0.00096167887934721,0.00098680008050032,0.0023969907623189,0.00143749123028149,0.00095683020343633,0.00039383439107654,0.00212934134390284,0.00134662089251502,0.00126435373404801,0.00138438019502842,0.00190938015838753,0.00208076414339163,0.00054540183273964,0.00194207696634158,0.00128768590999868,0.00086559487781897,0.00081534511211598,0.00126379018425343,0.00088332613175647,0.00068258130241992,0
"295","EU05_S_Wi19_S96_concoct.157",0.00152509477301142,0.00138222725103094,0.00170051310481324,0.00139131141286533,0.00154396320873377,0.00117937479896358,0.00163874919541206,0.00120967569866627,0.00115593261175235,0.00180734053701463,0.00130606752216606,0.00168043071783806,0.001077901185855,0.00163843979678889,0.00153180384092636,0.00127863298328633,0.00115260100062111,0.00139642336772152,0.00131646138894382,0.00118411826749331,0.00117590081707553
"296","EU05_S_Wi19_S96_concoct.27",0.00311900297675613,0.00274281480269964,0.00264371068040982,0.00262747267757511,0.00346439573798434,0.00282151601699136,0.00264481118751012,0.00213747230302532,0.00198436232619179,0.00357268988317926,0.00200962751388469,0.0027453346286779,0.00226757482101298,0.00274618068696017,0.00276699444307957,0.00248861742458109,0.00223584401285977,0.00250362456658816,0.00256259656401795,0.00243706758101998,0.00273369244833866
"297","EU05_S_Wi19_S96_concoct.57",0.00258299032501809,0.00226843285530447,0.00226947164303729,0.00224293398528558,0.00295765153776953,0.00225330043370678,0.00227692191263642,0.00180011245525863,0.00166501126867367,0.00298327035680752,0.00169148345182421,0.00231382056081167,0.00182764138738881,0.00229810578484111,0.00230726330882852,0.00202964660293688,0.00182671489443096,0.0020839836021215,0.00209920474653901,0.00196656642566142,0.00220743706574681
"298","EU08_S_Wi18_S98_concoct.106",0.00290554404113715,0.00250660560755424,0.00251051170653858,0.0027347201928877,0.00358737912052723,0.00243537357898145,0.00235651316735787,0.00190442179173607,0.00173518633597514,0.00319842060719324,0.00169198918613714,0.00242792862937135,0.00186649315554838,0.00237475373820726,0.00237797093564064,0.00210591495145453,0.00186381514399317,0.00213005238205439,0.00216337202745646,0.00203597774222245,0.00230768916154459
"299","EU08_S_Wi18_S98_concoct.112",0.00080071221123046,0.00076466587450115,0.00181917406960053,0.00106446619873341,0.00077739907011826,0.00034793893422458,0.00149508010615527,0.00090629078697247,0.00091117817531541,0.00112194214429263,0.00126092737407373,0.00150415959445317,0.00044191416716223,0.00133267661398576,0.00096233280946221,0.00067434622125566,0.00061777084469224,0.00091602268447397,0.00068773825206016,0.00053290077718714,0
"300","EU08_S_Wi18_S98_concoct.34",0.0009316570583263,0.00090101549837539,0.0025750519421446,0.00142263900188048,0.00092795314483089,0.00033208771633365,0.00204097059652137,0.00118078927504119,0.00119224838848716,0.00133924932347923,0.00173790906851439,0.00204043555605416,0.00045987618076741,0.00175130378255652,0.00113804430838996,0.00075489247491001,0.00070359685646294,0.00111677803630145,0.00077450892259116,0.00058730116439063,0
"301","EU08_S_Wi18_S98_concoct.66",0.00121056123192844,0.00111026461738456,0.00130186256329223,0.00107940277995398,0.00117814360243421,0.00095492726965109,0.0012592655279289,0.00095367112962791,0.00089931579481356,0.00145182733921781,0.00101691592697581,0.00131484662522955,0.00086962907843707,0.00130194552426835,0.00124210674002227,0.0010451055739728,0.00094407867426412,0.00113359905297901,0.00107134985606411,0.00097355267125666,0.00096369205456256
"302","EU08_S_Wi18_S98_concoct.7",0.00111237807253882,0.00108019624828414,0.00177448922452958,0.00121215001714304,0.00106226968833999,0.00067847444579587,0.00161681020712598,0.00111799325175873,0.00110071253761061,0.00137398869061191,0.00135306641946062,0.00163375449700574,0.00073740750122462,0.00154081753750528,0.00126563511961796,0.00098299359370757,0.00089917343725696,0.00119123324183962,0.00099455888382954,0.00084033211993157,0.00067903052391456
"303","EU08_S_Wi18_S98_concoct.70",0.00153801501968141,0.00141268844362741,0.00188311581617031,0.00143185032264652,0.00149842034241078,0.00114722099181086,0.00176469570706502,0.00128114420275044,0.00122555456778377,0.00186948066563881,0.0014460349127185,0.00182616093493961,0.00107991122944406,0.00177425360865165,0.00161251005910477,0.00132378908224027,0.00119654921340259,0.00149813355406496,0.00135935965190497,0.0012027857052841,0.00115255966062417
"304","EU08_S_Wi18_S98_concoct.88",0.0010248865695704,0.00099547481129002,0.00244463407721087,0.00141180187499535,0.00100763265889216,0.00043694460435128,0.00205735953614692,0.00119834469818586,0.00119592326025073,0.00143233953603756,0.00170362283135663,0.00203879503357057,0.00056656059366334,0.00176072647418491,0.00125821329601336,0.00086271045587481,0.00080311832872134,0.00119391086527579,0.00088924693502541,0.00068394566320374,0
"305","EU08_S_Wi18_S98_metabat2.74",0.00121418924066079,0.00116801073601835,0.00375231777200546,0.00203901136485691,0.00124492783148879,0.00038059073134334,0.00293976642123331,0.00162529388575629,0.00162657206756369,0.00181457799414949,0.00247224876382662,0.00286921766177919,0.00057036723233002,0.00244341122604224,0.00152806573002038,0.00097088718417463,0.0009060402326566,0.00147834847798186,0.00100928527801641,0.00071643428567764,0
"306","EU10_S_Wi19_S100_concoct.53",0.00299110585059329,0.00257635111107149,0.00244543831912736,0.00259247253222176,0.0035564585743229,0.00268518886505395,0.00247018231868862,0.0019904904588839,0.00181691471359631,0.00349534952201354,0.00179096191193036,0.0025408952908652,0.00207059182802424,0.00249865866020358,0.00253431305736239,0.00226949939595015,0.00203646849592067,0.00227347137178116,0.00233234608162659,0.00222583322863567,0.00256364912759093
"307","EUR05_S_Wi19_S101_concoct.10",0.00156042517151775,0.00139810723892461,0.00170466282084963,0.00147716432931748,0.00165102265962088,0.00117405055624389,0.00165610044258936,0.0012457495629061,0.00117312325300404,0.00182991063222138,0.00130815207156621,0.00170700071604902,0.00105612762053211,0.00163229950179215,0.00153057196422952,0.00127347863462985,0.00114483969606876,0.00140522172338953,0.00131822325453726,0.0011831747348976,0.00116507382984789
"308","EUR05_S_Wi19_S101_concoct.102",0.001550946583637,0.00138158021301423,0.00173451519381587,0.0015092177590146,0.00157804752461744,0.00111321078204826,0.00164420605060064,0.00126558062028366,0.00118123520788326,0.00181450286080602,0.00131209558210227,0.00170361393620554,0.00105287097437229,0.00163860762382163,0.001521839093614,0.00126248373638552,0.00112853324113926,0.0014085804312745,0.00129014772199323,0.0011510580211854,0.00111568462617769
"309","EUR05_S_Wi19_S101_concoct.119",0.00334860252878185,0.00294398655161353,0.00265905750501644,0.0027347494275927,0.0039019212570007,0.00324146768284006,0.00275616761307287,0.00226187410945119,0.00193752457509451,0.00416450804639484,0.00196988601297525,0.00282758657102391,0.00249036331166685,0.00286626031637425,0.00306472369873684,0.00274466914056983,0.00236208038906228,0.00259258239939468,0.00271112359792296,0.00264626588938196,0.0031659738559842
"310","EUR05_S_Wi19_S101_concoct.121",0.00168763868547163,0.00150681080252183,0.00175074068538487,0.00154932859427994,0.00181484298534107,0.00129695398348453,0.0016892669136587,0.00130792872076825,0.0012212603424265,0.00196509124270597,0.00132081641082396,0.00175347827601302,0.00114099536113005,0.00169143693994453,0.00159500592110829,0.00134849187809538,0.00122698644340549,0.0014848409862281,0.00140448657467665,0.00127216616963466,0.00129235081737351
"311","EUR05_S_Wi19_S101_concoct.129",0.00143993590708133,0.00138105570118498,0.00178731940749065,0.00145978811196421,0.00145865968451687,0.0010340644074872,0.00173766060863382,0.00135256684087163,0.00121011701264187,0.0018033107106312,0.00139628726587071,0.00177659064523945,0.00104039956449915,0.00172021177284261,0.00154378162319313,0.00127273881855182,0.00112587130273736,0.00143761864639656,0.0012766722284851,0.00115535482233113,0.00108587974769835
"312","EUR05_S_Wi19_S101_concoct.145",0.00085799978119713,0.00082699183317564,0.00189550137927422,0.00114671547431661,0.00083141611672847,0.00038281110185472,0.0015836176334643,0.00096094849563176,0.0009590091063062,0.00116224739727522,0.001324607904359,0.00158277011879993,0.00048141617426026,0.00141420429145551,0.00102668227337153,0.00072354595998102,0.00067273856220463,0.00098595786679666,0.00074442120341279,0.00058815802818137,0
"313","EUR05_S_Wi19_S101_concoct.54",0.00222562776870357,0.00194218100582715,0.00202101330911986,0.00199910834556167,0.00255413406046928,0.00183209121718034,0.00200373663186343,0.00156680180266517,0.00144371856511289,0.00256807126978737,0.00148602189338186,0.00206311251558764,0.00151328308151416,0.00203501486076279,0.002006398440072,0.00173557394277284,0.0015419527185476,0.00179565109641973,0.00177580105033666,0.0016558048273571,0.0018297935925026
